rate_choice,a_exact,s_plus_exact,n,h,status,e_u2,d2
OTRT,3/25,2/7,96,0.010416666666666666,regular,0.00017362912959634504,1.773786113425995e-05
OTRT,3/25,2/7,128,0.0078125,regular,9.767882047819342e-05,1.4880869386477355e-05
interior,3/25,1/20,96,0.010416666666666666,regular,0.0003983045861188388,3.5474933197519774e-05
interior,3/25,1/20,128,0.0078125,regular,0.00022507301244675058,1.6967214552717486e-05
interior,3/25,1/10,96,0.010416666666666666,regular,5.2671556263180515e-05,2.3154438984764642e-05
interior,3/25,1/10,128,0.0078125,regular,2.9792432875113465e-05,1.0770668370767525e-05
interior,3/25,3/20,96,0.010416666666666666,regular,6.328337238602223e-05,1.6668048664479195e-05
interior,3/25,3/20,128,0.0078125,regular,3.55599327947319e-05,1.1195445575856409e-05
interior,3/25,1/5,96,0.010416666666666666,regular,0.00012131830291904562,1.5886848086796025e-05
interior,3/25,1/5,128,0.0078125,regular,6.823949080389137e-05,1.2736329123524102e-05
interior,3/25,1/4,96,0.010416666666666666,regular,0.00015618450804351,1.682696601827744e-05
interior,3/25,1/4,128,0.0078125,regular,8.786317101980371e-05,1.409498527187688e-05
interior,3/25,3/10,96,0.010416666666666666,regular,0.00017944567713677826,1.810653495463753e-05
interior,3/25,3/10,128,0.0078125,regular,0.00010095124913150056,1.5156679650981252e-05
interior,3/25,7/20,96,0.010416666666666666,regular,0.00019606895719458058,1.933321071192791e-05
interior,3/25,7/20,128,0.0078125,regular,0.00011030252565467363,1.5978391728621866e-05
interior,3/25,2/5,96,0.010416666666666666,regular,0.000208540838223274,2.0413446923583397e-05
interior,3/25,2/5,128,0.0078125,regular,0.00011731740760689323,1.662319331672818e-05
interior,3/25,9/20,96,0.010416666666666666,regular,0.00021824379663635166,2.134133288599183e-05
interior,3/25,9/20,128,0.0078125,regular,0.0001227742631882465,1.7138607818002907e-05
interior,3/25,1/2,96,0.010416666666666666,regular,0.00022600780006800462,2.2134502693174808e-05
interior,3/25,1/2,128,0.0078125,regular,0.00012714027136470014,1.7558149331337118e-05
interior,3/25,11/20,96,0.010416666666666666,regular,0.00023236124609832273,2.2814446140864875e-05
interior,3/25,11/20,128,0.0078125,regular,0.0001307128046813913,1.790533019488861e-05
interior,3/25,3/5,96,0.010416666666666666,regular,0.00023765652536380673,2.3400753588936458e-05
interior,3/25,3/5,128,0.0078125,regular,0.00013369015210917335,1.8196857378772596e-05
interior,3/25,13/20,96,0.010416666666666666,regular,0.00024213767163761587,2.3909825566601935e-05
interior,3/25,13/20,128,0.0078125,regular,0.00013620961350342787,1.844481267377618e-05
interior,3/25,7/10,96,0.010416666666666666,regular,0.0002459790370166868,2.4354979648354616e-05
interior,3/25,7/10,128,0.0078125,regular,0.0001383692737536451,1.8658096419170872e-05
interior,3/25,3/4,96,0.010416666666666666,regular,0.0002493085059453006,2.4746924049346118e-05
interior,3/25,3/4,128,0.0078125,regular,0.00014024107019740473,1.8843387219554268e-05
interior,3/25,4/5,96,0.010416666666666666,regular,0.0002522220086274341,2.5094263507827094e-05
interior,3/25,4/5,128,0.0078125,regular,0.0001418789612277325,1.900577704866048e-05
interior,3/25,17/20,96,0.010416666666666666,regular,0.00025479291465489143,2.5403939069754812e-05
interior,3/25,17/20,128,0.0078125,regular,0.00014332421273452532,1.914921247845306e-05
interior,3/25,9/10,96,0.010416666666666666,regular,0.0002570782968880414,2.568158217761725e-05
interior,3/25,9/10,128,0.0078125,regular,0.0001446089228387777,1.9276792271402915e-05
interior,3/25,19/20,96,0.010416666666666666,regular,0.0002591232181647158,2.5931792801860442e-05
interior,3/25,19/20,128,0.0078125,regular,0.00014575843385722156,1.9390981697675488e-05
interior,3/25,1,96,0.010416666666666666,regular,0.0002609637325477378,2.6158356789413934e-05
interior,3/25,1,128,0.0078125,regular,0.0001467930208636551,1.9493767002062094e-05
interior,3/25,21/20,96,0.010416666666666666,regular,0.0002626290293819685,2.636440804066297e-05
interior,3/25,21/20,128,0.0078125,regular,0.00014772909784864274,1.9586756444978076e-05
interior,3/25,11/10,96,0.010416666666666666,regular,0.0002641429929097344,2.6552565203281942e-05
interior,3/25,11/10,128,0.0078125,regular,0.00014858009513729454,1.967128110402803e-05
interior,3/25,23/20,96,0.010416666666666666,regular,0.00026552535508635134,2.6725025868006314e-05
interior,3/25,23/20,128,0.0078125,regular,0.00014935710779375596,1.9748437253816164e-05
interior,3/25,6/5,96,0.010416666666666666,regular,0.0002667925603615342,2.6883648252712675e-05
interior,3/25,6/5,128,0.0078125,regular,0.00015006938208113845,1.981914268586178e-05
interior,3/25,5/4,96,0.010416666666666666,regular,0.000267958422952492,2.7030012733191987e-05
interior,3/25,5/4,128,0.0078125,regular,0.00015072468513876164,1.988416939717407e-05
interior,3/25,13/10,96,0.010416666666666666,regular,0.0002690346324925914,2.7165470636838456e-05
interior,3/25,13/10,128,0.0078125,regular,0.00015132958937328907,1.994417042891367e-05
interior,3/25,27/20,96,0.010416666666666666,regular,0.00027003114735885445,2.729118450809624e-05
interior,3/25,27/20,128,0.0078125,regular,0.00015188969368086345,1.9999704744179036e-05
interior,3/25,7/5,96,0.010416666666666666,regular,0.00027095650372380067,2.740815878713238e-05
interior,3/25,7/5,128,0.0078125,regular,0.00015240979724426672,2.0051250529859843e-05
interior,3/25,29/20,96,0.010416666666666666,regular,0.00027181806070038846,2.7517266686388418e-05
interior,3/25,29/20,128,0.0078125,regular,0.00015289403740599653,2.009922200853926e-05
interior,3/25,3/2,96,0.010416666666666666,regular,0.00027262219645560014,2.7619269207526904e-05
interior,3/25,3/2,128,0.0078125,regular,0.0001533459999415585,2.0143976464699283e-05
interior,3/25,31/20,96,0.010416666666666666,regular,0.00027337446638349677,2.771483222328698e-05
interior,3/25,31/20,128,0.0078125,regular,0.00015376880800803752,2.018582419136268e-05
interior,3/25,8/5,96,0.010416666666666666,regular,0.00027407973164741696,2.7804543431620857e-05
interior,3/25,8/5,128,0.0078125,regular,0.00015416519444693514,2.0225040012165145e-05
interior,3/25,33/20,96,0.010416666666666666,regular,0.00027474226431904627,2.788892045329299e-05
interior,3/25,33/20,128,0.0078125,regular,0.0001545375608788766,2.0261863608222276e-05
interior,3/25,17/10,96,0.010416666666666666,regular,0.0002753658339988548,2.7968422186932577e-05
interior,3/25,17/10,128,0.0078125,regular,0.00015488802642436823,2.0296506864835277e-05
interior,3/25,7/4,96,0.010416666666666666,regular,0.00027595377957847795,2.8043457191645466e-05
interior,3/25,7/4,128,0.0078125,regular,0.00015521846804968036,2.0329157429821794e-05
interior,3/25,9/5,96,0.010416666666666666,regular,0.00027650906904573834,2.8114388912025945e-05
interior,3/25,9/5,128,0.0078125,regular,0.00015553055419509424,2.0359980969078062e-05
interior,3/25,37/20,96,0.010416666666666666,regular,0.0002770343495987464,2.8181543637517778e-05
interior,3/25,37/20,128,0.0078125,regular,0.0001558257729543903,2.038912728935466e-05
interior,3/25,19/10,96,0.010416666666666666,regular,0.0002775319898446567,2.8245213513075575e-05
interior,3/25,19/10,128,0.0078125,regular,0.00015610545579965233,2.0416727945397766e-05
interior,3/25,39/20,96,0.010416666666666666,regular,0.0002780069589712852,6.030832256525763e-05
interior,3/25,39/20,128,0.0078125,outlier,16.908933523503762,939.9652600560247
interior,3/25,2,96,0.010416666666666666,failure,,
interior,3/25,2,128,0.0078125,failure,,
SRT,3/25,12/7,96,0.010416666666666666,regular,0.0002755373172780826,2.7990299932822917e-05
SRT,3/25,12/7,128,0.0078125,regular,0.00015498440496153237,2.0306030916513468e-05
OTRT,4/25,2/9,96,0.010416666666666666,regular,0.0002562779569206724,1.91703368329442e-05
OTRT,4/25,2/9,128,0.0078125,regular,0.0001441725544564067,1.5308430408589903e-05
interior,4/25,1/20,96,0.010416666666666666,regular,2.325731494944603e-05,2.955444116537786e-05
interior,4/25,1/20,128,0.0078125,regular,1.3458027456222912e-05,1.4235790440570423e-05
interior,4/25,1/10,96,0.010416666666666666,regular,0.00015680394275712934,1.969719288435711e-05
interior,4/25,1/10,128,0.0078125,regular,8.816024246348093e-05,1.2170709053857238e-05
interior,4/25,3/20,96,0.010416666666666666,regular,0.00021704553710410636,1.787842009848197e-05
interior,4/25,3/20,128,0.0078125,regular,0.00012209249588070387,1.3547839959701905e-05
interior,4/25,1/5,96,0.010416666666666666,regular,0.0002472190891255795,1.8657053447823876e-05
interior,4/25,1/5,128,0.0078125,regular,0.00013907549101579186,1.4846856643354105e-05
interior,4/25,1/4,96,0.010416666666666666,regular,0.0002653399563133478,1.9815260407224785e-05
interior,4/25,1/4,128,0.0078125,regular,0.0001492706126819932,1.5798824999318335e-05
interior,4/25,3/10,96,0.010416666666666666,regular,0.0002774274868637121,2.087391810501249e-05
interior,4/25,3/10,128,0.0078125,regular,0.00015606956719182378,1.6491893799256916e-05
interior,4/25,7/20,96,0.010416666666666666,regular,0.0002860648365742169,2.176098963888347e-05
interior,4/25,7/20,128,0.0078125,regular,0.00016092704069448505,1.700995405921372e-05
interior,4/25,2/5,96,0.010416666666666666,regular,0.00029254470550359396,2.2491927140610526e-05
interior,4/25,2/5,128,0.0078125,regular,0.00016457073375974326,1.7408652939154238e-05
interior,4/25,9/20,96,0.010416666666666666,regular,0.0002975857026940992,2.3096030941215563e-05
interior,4/25,9/20,128,0.0078125,regular,0.00016740506510832197,1.7723629647250706e-05
interior,4/25,1/2,96,0.010416666666666666,regular,0.0003016191923334197,2.3599906700330843e-05
interior,4/25,1/2,128,0.0078125,regular,0.00016967274906797277,1.7978109155799562e-05
interior,4/25,11/20,96,0.010416666666666666,regular,0.00030491977734950466,2.4024733407572746e-05
interior,4/25,11/20,128,0.0078125,regular,0.00017152827142511389,1.818766128554332e-05
interior,4/25,3/5,96,0.010416666666666666,regular,0.0003076705789567078,2.4386770397602903e-05
interior,4/25,3/5,128,0.0078125,regular,0.00017307463937379816,1.8363035202947254e-05
interior,4/25,13/20,96,0.010416666666666666,regular,0.00030999840322803546,2.4698416801592836e-05
interior,4/25,13/20,128,0.0078125,regular,0.00017438317503374402,1.8511853758813208e-05
interior,4/25,7/10,96,0.010416666666666666,regular,0.0003119938437388459,2.496917112800302e-05
interior,4/25,7/10,128,0.0078125,regular,0.00017550482841844416,1.8639658349797308e-05
interior,4/25,3/4,96,0.010416666666666666,regular,0.0003137233468498527,2.5206375289891434e-05
interior,4/25,3/4,128,0.0078125,regular,0.00017647696637219031,1.875056413363886e-05
interior,4/25,4/5,96,0.010416666666666666,regular,0.0003152367544622166,2.541576482613463e-05
interior,4/25,4/5,128,0.0078125,regular,0.00017732761628245133,1.884768694134804e-05
interior,4/25,17/20,96,0.010416666666666666,regular,0.000316572185710016,2.5601869780056814e-05
interior,4/25,17/20,128,0.0078125,regular,0.00017807821235962205,1.8933427526014295e-05
interior,4/25,9/10,96,0.010416666666666666,regular,0.0003177592920368621,2.5768307109420364e-05
interior,4/25,9/10,128,0.0078125,regular,0.00017874542667514453,1.900966280216513e-05
interior,4/25,19/20,96,0.010416666666666666,regular,0.00031882148472950204,2.5917994130150968e-05
interior,4/25,19/20,128,0.0078125,regular,0.00017934242210273631,1.907788119353702e-05
interior,4/25,1,96,0.010416666666666666,regular,0.0003197774944262626,2.6053307278876036e-05
interior,4/25,1,128,0.0078125,regular,0.00017987972945489203,1.913927833461853e-05
interior,4/25,21/20,96,0.010416666666666666,regular,0.00032064248517878685,2.6176198590515463e-05
interior,4/25,21/20,128,0.0078125,regular,0.00018036587402502386,1.919482179562052e-05
interior,4/25,11/10,96,0.010416666666666666,regular,0.00032142886480998834,2.6288287244503726e-05
interior,4/25,11/10,128,0.0078125,regular,0.000180807831348971,1.9245308750554955e-05
interior,4/25,23/20,96,0.010416666666666666,regular,0.0003221468838944785,2.6390924594801813e-05
interior,4/25,23/20,128,0.0078125,regular,0.00018121136401269894,1.92913963930906e-05
interior,4/25,6/5,96,0.010416666666666666,regular,0.0003228050850677278,2.648524814522948e-05
interior,4/25,6/5,128,0.0078125,regular,0.0001815812743309421,1.93336334862174e-05
interior,4/25,5/4,96,0.010416666666666666,regular,0.00032341064451806283,2.6572221302103927e-05
interior,4/25,5/4,128,0.0078125,regular,0.00018192159636604193,1.937248180898106e-05
interior,4/25,13/10,96,0.010416666666666666,regular,0.0003239696346924245,2.6652664931020965e-05
interior,4/25,13/10,128,0.0078125,regular,0.00018223574364294499,1.9408331986292753e-05
interior,4/25,27/20,96,0.010416666666666666,regular,0.00032448722864746797,2.672728348964191e-05
interior,4/25,27/20,128,0.0078125,regular,0.00018252662405734662,1.944151731681991e-05
interior,4/25,7/5,96,0.010416666666666666,regular,0.00032496786061021645,2.6796683860765104e-05
interior,4/25,7/5,128,0.0078125,regular,0.00018279673014445056,1.947232357368977e-05
interior,4/25,29/20,96,0.010416666666666666,regular,0.0003254153533352114,2.686139199625198e-05
interior,4/25,29/20,128,0.0078125,regular,0.00018304821068896793,1.950099701236202e-05
interior,4/25,3/2,96,0.010416666666666666,regular,0.0003258330199931182,2.6921865893843296e-05
interior,4/25,3/2,128,0.0078125,regular,0.00018328292800832863,1.9527751500354243e-05
interior,4/25,31/20,96,0.010416666666666666,regular,0.00032622374633850976,2.6978505766539897e-05
interior,4/25,31/20,128,0.0078125,regular,0.00018350250414306496,1.955277210329266e-05
interior,4/25,8/5,96,0.010416666666666666,regular,0.0003265900574903146,2.7031664023508172e-05
interior,4/25,8/5,128,0.0078125,regular,0.00018370835841502586,1.9576222581077996e-05
interior,4/25,33/20,96,0.010416666666666666,regular,0.00032693417255183304,2.7081650487949774e-05
interior,4/25,33/20,128,0.0078125,regular,0.00018390173811986285,1.9598245760656835e-05
interior,4/25,17/10,96,0.010416666666666666,regular,0.00032725804960846087,2.7128739699557752e-05
interior,4/25,17/10,128,0.0078125,regular,0.00018408374383018417,1.9618967794456344e-05
interior,4/25,7/4,96,0.010416666666666666,regular,0.00032756342300861913,2.7173175690577167e-05
interior,4/25,7/4,128,0.0078125,regular,0.000184255350353503,1.9638500613150378e-05
interior,4/25,9/5,96,0.010416666666666666,regular,0.0003278518344302527,2.7215175628353402e-05
interior,4/25,9/5,128,0.0078125,regular,0.00018441742419443062,1.9656943090543403e-05
interior,4/25,37/20,96,0.010416666666666666,regular,0.0003281246589164198,2.7254934070203746e-05
interior,4/25,37/20,128,0.0078125,regular,0.00018457073819460736,1.9674384631125146e-05
interior,4/25,19/10,96,0.010416666666666666,regular,0.000328383126793983,2.7292625325370995e-05
interior,4/25,19/10,128,0.0078125,regular,0.00018471598385095926,1.9690903958768356e-05
interior,4/25,39/20,96,0.010416666666666666,regular,0.00032862834222381886,2.732840571692763e-05
interior,4/25,39/20,128,0.0078125,regular,0.00018485378174349897,1.9706572283361634e-05
interior,4/25,2,96,0.010416666666666666,outlier,0.00039382002073796665,0.006816587454298899
interior,4/25,2,128,0.0078125,failure,,
SRT,4/25,16/9,96,0.010416666666666666,regular,0.0003277256540490166,2.7196796729203836e-05
SRT,4/25,16/9,128,0.0078125,regular,0.00018434651676694342,1.964887515517516e-05
OTRT,1/5,2/11,96,0.010416666666666666,regular,0.000338516991340574,1.9972076869858763e-05
OTRT,1/5,2/11,128,0.0078125,regular,0.0001904360689862942,1.5546663685011367e-05
interior,1/5,1/20,96,0.010416666666666666,regular,0.0002222372082073675,2.5400961634473603e-05
interior,1/5,1/20,128,0.0078125,regular,0.00012489155097145004,1.3636134375338513e-05
interior,1/5,1/10,96,0.010416666666666666,regular,0.0003023206358974291,1.9422181841611337e-05
interior,1/5,1/10,128,0.0078125,regular,0.00017005995209043372,1.3588767418098686e-05
interior,1/5,3/20,96,0.010416666666666666,regular,0.00032912331460136965,1.936741540161918e-05
interior,1/5,3/20,128,0.0078125,regular,0.00018515038234409839,1.4896999618332548e-05
interior,1/5,1/5,96,0.010416666666666666,regular,0.0003425448725474638,2.0343563878678886e-05
interior,1/5,1/5,128,0.0078125,regular,0.0001927020025626878,1.585193749640473e-05
interior,1/5,1/4,96,0.010416666666666666,regular,0.00035060426758327755,2.128738629451287e-05
interior,1/5,1/4,128,0.0078125,regular,0.0001972350186507407,1.6504402856321754e-05
interior,1/5,3/10,96,0.010416666666666666,regular,0.0003559798861681151,2.2058536820207137e-05
interior,1/5,3/10,128,0.0078125,regular,0.0002002578791432508,1.6965665772914017e-05
interior,1/5,7/20,96,0.010416666666666666,regular,0.00035982092919567625,2.2673183714166663e-05
interior,1/5,7/20,128,0.0078125,regular,0.0002024174807127217,1.7305402187777017e-05
interior,1/5,2/5,96,0.010416666666666666,regular,0.00036270243020983424,2.316605891732547e-05
interior,1/5,2/5,128,0.0078125,regular,0.00020403740881817106,1.7564724197646323e-05
interior,1/5,9/20,96,0.010416666666666666,regular,0.0003649440232563734,2.3566740001437793e-05
interior,1/5,9/20,128,0.0078125,regular,0.00020529748723583543,1.7768594473361772e-05
interior,1/5,1/2,96,0.010416666666666666,regular,0.0003667375656376836,2.389736502908344e-05
interior,1/5,1/2,128,0.0078125,regular,0.00020630563453081108,1.7932810093148707e-05
interior,1/5,11/20,96,0.010416666666666666,regular,0.0003682051864561962,2.417406937393283e-05
interior,1/5,11/20,128,0.0078125,regular,0.00020713053818694095,1.8067774003584944e-05
interior,1/5,3/5,96,0.010416666666666666,regular,0.0003694283254682956,2.4408637639631526e-05
interior,1/5,3/5,128,0.0078125,regular,0.00020781799628867667,1.8180584496263268e-05
interior,1/5,13/20,96,0.010416666666666666,regular,0.0003704633755991234,2.460977707780599e-05
interior,1/5,13/20,128,0.0078125,regular,0.00020839971885089597,1.8276236141971865e-05
interior,1/5,7/10,96,0.010416666666666666,regular,0.00037135062440293946,2.4784015860586514e-05
interior,1/5,7/10,128,0.0078125,regular,0.00020889835805905198,1.835833880203825e-05
interior,1/5,3/4,96,0.010416666666666666,regular,0.00037211962037387295,2.493632257109004e-05
interior,1/5,3/4,128,0.0078125,regular,0.0002093305268703041,1.8429562963169977e-05
interior,1/5,4/5,96,0.010416666666666666,regular,0.00037279252764484697,2.5070534782794558e-05
interior,1/5,4/5,128,0.0078125,regular,0.00020970868587335013,1.849192426473184e-05
interior,1/5,17/20,96,0.010416666666666666,regular,0.00037338629709238825,2.518965740916079e-05
interior,1/5,17/20,128,0.0078125,regular,0.00021004236433296052,1.8546972289679295e-05
interior,1/5,9/10,96,0.010416666666666666,regular,0.0003739141139824397,2.5296072730010582e-05
interior,1/5,9/10,128,0.0078125,regular,0.00021033897429373338,1.8595916481647762e-05
interior,1/5,19/20,96,0.010416666666666666,regular,0.0003743863886082909,2.5391692320676958e-05
interior,1/5,19/20,128,0.0078125,regular,0.00021060436764536408,1.8639714965056206e-05
interior,1/5,1,96,0.010416666666666666,regular,0.000374811449825726,2.54780664155082e-05
interior,1/5,1,128,0.0078125,regular,0.00021084322609713413,1.8679135859931332e-05
interior,1/5,21/20,96,0.010416666666666666,regular,0.0003751960404947698,2.555646397264633e-05
interior,1/5,21/20,128,0.0078125,regular,0.00021105933974153063,1.8714801994698954e-05
interior,1/5,11/10,96,0.010416666666666666,regular,0.0003755456778303599,2.5627933899729516e-05
interior,1/5,11/10,128,0.0078125,regular,0.00021125580967505726,1.874722398560628e-05
interior,1/5,23/20,96,0.010416666666666666,regular,0.000375864919782495,2.5693350178008897e-05
interior,1/5,23/20,128,0.0078125,regular,0.00021143519774714767,1.87768238880428e-05
interior,1/5,6/5,96,0.010416666666666666,regular,0.00037615756483133455,2.5753446536110387e-05
interior,1/5,6/5,128,0.0078125,regular,0.000211599638893182,1.88039540222647e-05
interior,1/5,5/4,96,0.010416666666666666,regular,0.0003764268038454078,2.58088433684927e-05
interior,1/5,5/4,128,0.0078125,regular,0.0002117509265049112,1.8828910684855434e-05
interior,1/5,13/10,96,0.010416666666666666,regular,0.0003766753369022141,2.5860068507020487e-05
interior,1/5,13/10,128,0.0078125,regular,0.0002118905781016516,1.885194396454764e-05
interior,1/5,27/20,96,0.010416666666666666,regular,0.0003769054641566203,2.5907574135144244e-05
interior,1/5,27/20,128,0.0078125,regular,0.00021201988641486033,1.8873267832624108e-05
interior,1/5,7/5,96,0.010416666666666666,regular,0.0003771191572394019,2.5951749638848476e-05
interior,1/5,7/5,128,0.0078125,regular,0.0002121399595202607,1.8893065120511333e-05
interior,1/5,29/20,96,0.010416666666666666,regular,0.0003773181158892622,2.599293218663325e-05
interior,1/5,29/20,128,0.0078125,regular,0.00021225175267579438,1.8911494259365704e-05
interior,1/5,3/2,96,0.010416666666666666,regular,0.00037750381325551394,2.603141484533066e-05
interior,1/5,3/2,128,0.0078125,regular,0.0002123560937800329,1.8928692113678397e-05
interior,1/5,31/20,96,0.010416666666666666,regular,0.0003776775324455692,2.606745389949641e-05
interior,1/5,31/20,128,0.0078125,regular,0.00021245370393039984,1.8944777311268846e-05
interior,1/5,8/5,96,0.010416666666666666,regular,0.0003778403962011364,2.6101274062089476e-05
interior,1/5,8/5,128,0.0078125,regular,0.00021254521407978116,1.8959854844543577e-05
interior,1/5,33/20,96,0.010416666666666666,regular,0.0003779933912032157,2.6133073944962226e-05
interior,1/5,33/20,128,0.0078125,regular,0.00021263117871988518,1.8974016343127147e-05
interior,1/5,17/10,96,0.010416666666666666,regular,0.0003781373880719612,2.6163028547620316e-05
interior,1/5,17/10,128,0.0078125,regular,0.00021271208711304252,1.8987342411650394e-05
interior,1/5,7/4,96,0.010416666666666666,regular,0.00037827315794481217,2.6191293712569647e-05
interior,1/5,7/4,128,0.0078125,regular,0.0002127883726101695,1.8999905227473467e-05
interior,1/5,9/5,96,0.010416666666666666,regular,0.0003784013862913536,2.621800804958909e-05
interior,1/5,9/5,128,0.0078125,regular,0.00021286042041652822,1.901176838501752e-05
interior,1/5,37/20,96,0.010416666666666666,regular,0.0003785226844888243,2.6243295563838746e-05
interior,1/5,37/20,128,0.0078125,regular,0.00021292857409776754,1.9022988070401866e-05
interior,1/5,19/10,96,0.010416666666666666,regular,0.00037863759956827104,2.626726716751357e-05
interior,1/5,19/10,128,0.0078125,regular,0.0002129931410575938,1.903361595885316e-05
interior,1/5,39/20,96,0.010416666666666666,regular,0.00037874662246446594,2.6290023167988348e-05
interior,1/5,39/20,128,0.0078125,regular,0.00021305439717550292,1.9043697428592553e-05
interior,1/5,2,96,0.010416666666666666,regular,0.0003788507677672141,2.6311653388881743e-05
interior,1/5,2,128,0.0078125,regular,0.0002131128771455674,2.0144524529996327e-05
SRT,1/5,20/11,96,0.010416666666666666,regular,0.0003784462664982479,2.6227362425679455e-05
SRT,1/5,20/11,128,0.0078125,regular,0.0002128856372383975,1.9015919705477534e-05
OTRT,6/25,2/13,96,0.010416666666666666,regular,0.0004205509826783257,2.0482584919413656e-05
OTRT,6/25,2/13,128,0.0078125,regular,0.00023658436223395713,1.5697605658684882e-05
interior,6/25,1/20,96,0.010416666666666666,regular,0.00040248140907198695,2.3119746297117617e-05
interior,6/25,1/20,128,0.0078125,regular,0.00022640496435392672,1.3923198949510319e-05
interior,6/25,1/10,96,0.010416666666666666,regular,0.000415853340249427,1.992929185265934e-05
interior,6/25,1/10,128,0.0078125,regular,0.00023394113640135523,1.4609793497340951e-05
interior,6/25,3/20,96,0.010416666666666666,regular,0.00042032707896181654,2.0418386432481168e-05
interior,6/25,3/20,128,0.0078125,regular,0.0002364584287261811,1.563497619917537e-05
interior,6/25,1/5,96,0.010416666666666666,regular,0.0004225670465294406,2.1245040171662672e-05
interior,6/25,1/5,128,0.0078125,regular,0.00023771805837981597,1.630381591796739e-05
interior,6/25,1/4,96,0.010416666666666666,regular,0.00042391201948094716,2.1935111294217026e-05
interior,6/25,1/4,128,0.0078125,regular,0.00023847414965163185,1.674517824182695e-05
interior,6/25,3/10,96,0.010416666666666666,regular,0.00042480908124980154,2.2470721854221556e-05
interior,6/25,3/10,128,0.0078125,regular,0.00023897834058253045,1.7052617597857145e-05
interior,6/25,7/20,96,0.010416666666666666,regular,0.000425450041722492,2.2887224396264583e-05
interior,6/25,7/20,128,0.0078125,regular,0.00023933854045965865,1.7277403022593902e-05
interior,6/25,2/5,96,0.010416666666666666,regular,0.00042593087242245674,2.3216631846195634e-05
interior,6/25,2/5,128,0.0078125,regular,0.00023960872499901532,1.7448303057757745e-05
interior,6/25,9/20,96,0.010416666666666666,regular,0.000426304917158157,2.3482164420447245e-05
interior,6/25,9/20,128,0.0078125,regular,0.00023981888900680517,1.7582355327735645e-05
interior,6/25,1/2,96,0.010416666666666666,regular,0.0004266041940387587,2.3700062129399793e-05
interior,6/25,1/2,128,0.0078125,regular,0.00023998703309110212,1.7690190102536365e-05
interior,6/25,11/20,96,0.010416666666666666,regular,0.00042684908408046045,2.3881734808450734e-05
interior,6/25,11/20,128,0.0078125,regular,0.0002401246140252468,1.7778747073223167e-05
interior,6/25,3/5,96,0.010416666666666666,regular,0.00042705317775680856,2.40353304236732e-05
interior,6/25,3/5,128,0.0078125,regular,0.00024023927064152213,1.785273464648729e-05
interior,6/25,13/20,96,0.010416666666666666,regular,0.000427225885631732,2.4166779909808554e-05
interior,6/25,13/20,128,0.0078125,regular,0.00024033629191899157,1.7915453411804173e-05
interior,6/25,7/10,96,0.010416666666666666,regular,0.00042737393059572883,2.428048365275073e-05
interior,6/25,7/10,128,0.0078125,regular,0.00024041945603250323,1.7969281882179782e-05
interior,6/25,3/4,96,0.010416666666666666,regular,0.000427502243426127,2.4379765367543836e-05
interior,6/25,3/4,128,0.0078125,regular,0.00024049153384925995,1.8015977190910915e-05
interior,6/25,4/5,96,0.010416666666666666,regular,0.00042761452263046483,2.4467178001297714e-05
interior,6/25,4/5,128,0.0078125,regular,0.00024055460365295269,1.805686321852038e-05
interior,6/25,17/20,96,0.010416666666666666,regular,0.00042771359676023956,2.454471114818344e-05
interior,6/25,17/20,128,0.0078125,regular,0.0002406102548079013,1.8092956936829042e-05
interior,6/25,9/10,96,0.010416666666666666,regular,0.00042780166599170965,2.4613937378230422e-05
interior,6/25,9/10,128,0.0078125,regular,0.0002406597235456294,1.8125051450986023e-05
interior,6/25,19/20,96,0.010416666666666666,regular,0.00042788046743983955,2.467611495626407e-05
interior,6/25,19/20,128,0.0078125,regular,0.00024070398588063043,1.8153774766746124e-05
interior,6/25,1,96,0.010416666666666666,regular,0.0004279513908913679,2.4732261650103215e-05
interior,6/25,1,128,0.0078125,regular,0.00024074382265368917,1.8179630356229118e-05
interior,6/25,21/20,96,0.010416666666666666,regular,0.0004280155614828361,2.4783209833596282e-05
interior,6/25,21/20,128,0.0078125,regular,0.00024077986599806207,1.8203026409173746e-05
interior,6/25,11/10,96,0.010416666666666666,regular,0.0004280738998290766,2.4829646062385057e-05
interior,6/25,11/10,128,0.0078125,regular,0.00024081263312647055,1.8224296452525346e-05
interior,6/25,23/20,96,0.010416666666666666,regular,0.00042812716647713784,2.4872141630448412e-05
interior,6/25,23/20,128,0.0078125,regular,0.0002408425513151049,1.824371809483984e-05
interior,6/25,6/5,96,0.010416666666666666,regular,0.00042817599524566977,2.491117558326458e-05
interior,6/25,6/5,128,0.0078125,regular,0.0002408699766367356,1.8261521214554173e-05
interior,6/25,5/4,96,0.010416666666666666,regular,0.00042822091856299405,2.49471528285179e-05
interior,6/25,5/4,128,0.0078125,regular,0.00024089520819821917,1.8277899884740737e-05
interior,6/25,13/10,96,0.010416666666666666,regular,0.00042826238696411564,2.4980417681871997e-05
interior,6/25,13/10,128,0.0078125,regular,0.00024091849909688138,1.829301820664845e-05
interior,6/25,27/20,96,0.010416666666666666,regular,0.00042830078425126436,2.5011264984402545e-05
interior,6/25,27/20,128,0.0078125,regular,0.00024094006493771166,1.8307016267915193e-05
interior,6/25,7/5,96,0.010416666666666666,regular,0.00042833643940782255,2.5039948184561464e-05
interior,6/25,7/5,128,0.0078125,regular,0.00024096009052768685,1.8320013667074777e-05
interior,6/25,29/20,96,0.010416666666666666,regular,0.00042836963604958524,2.5066686706305914e-05
interior,6/25,29/20,128,0.0078125,regular,0.00024097873518719062,1.8332113982319504e-05
interior,6/25,3/2,96,0.010416666666666666,regular,0.0004284006199828229,2.5091671343767522e-05
interior,6/25,3/2,128,0.0078125,regular,0.0002409961369942661,1.834340674041513e-05
interior,6/25,31/20,96,0.010416666666666666,regular,0.0004284296053032085,2.511506848219734e-05
interior,6/25,31/20,128,0.0078125,regular,0.00024101241621431256,1.8353970454211537e-05
interior,6/25,8/5,96,0.010416666666666666,regular,0.0004284567793494024,2.513702492405468e-05
interior,6/25,8/5,128,0.0078125,regular,0.00024102767807930426,1.8363873381070824e-05
interior,6/25,33/20,96,0.010416666666666666,regular,0.0004284823067545363,2.5157669332410792e-05
interior,6/25,33/20,128,0.0078125,regular,0.0002410420150677193,1.8373175268720658e-05
interior,6/25,17/10,96,0.010416666666666666,regular,0.0004285063327877523,2.517711542259451e-05
interior,6/25,17/10,128,0.0078125,regular,0.00024105550877882777,1.8381929027590686e-05
interior,6/25,7/4,96,0.010416666666666666,regular,0.00042852898611758674,2.5195464738024917e-05
interior,6/25,7/4,128,0.0078125,regular,0.00024106823148714978,1.8390182482180234e-05
interior,6/25,9/5,96,0.010416666666666666,regular,0.00042855038111917467,2.5212807358366226e-05
interior,6/25,9/5,128,0.0078125,regular,0.00024108024743809813,1.8397976715952783e-05
interior,6/25,37/20,96,0.010416666666666666,regular,0.0004285706198039279,2.522922323432938e-05
interior,6/25,37/20,128,0.0078125,regular,0.00024109161393111685,1.8405348976605816e-05
interior,6/25,19/10,96,0.010416666666666666,regular,0.00042858979344680956,2.524478531167868e-05
interior,6/25,19/10,128,0.0078125,regular,0.0002411023822353014,1.8412332672813795e-05
interior,6/25,39/20,96,0.010416666666666666,regular,0.0004286079839628466,2.5259558158951434e-05
interior,6/25,39/20,128,0.0078125,regular,0.0002411125983618381,1.841895770278145e-05
interior,6/25,2,96,0.010416666666666666,regular,0.00042904652195634147,2.5273597732387444e-05
interior,6/25,2,128,0.0078125,regular,0.0002412553793550351,1.8425251188129315e-05
SRT,6/25,24/13,96,0.010416666666666666,regular,0.00042856910189691117,2.5227991752761404e-05
SRT,6/25,24/13,128,0.0078125,regular,0.0002410907614423482,1.840479610739982e-05
