choice,n,step,modal_gain,divergence_l2
otrt,128,0,1.0,0.0
otrt,128,1,0.9923501959354882,3.5355338695808314e-05
otrt,128,2,0.9847590913550361,4.2426407144819496e-05
otrt,128,3,0.9772257277531223,6.805303306501133e-05
otrt,128,4,0.9697503179256008,4.2310211553174934e-05
otrt,128,5,0.9623318529631657,3.275877131222799e-05
otrt,128,6,0.9549702967860622,7.50001841725866e-08
otrt,128,7,0.9476648936848138,3.282268524790349e-05
otrt,128,8,0.9404153623623588,4.2099671863328235e-05
otrt,128,9,0.9332214028911585,6.32748750143482e-05
otrt,128,10,0.9260824769585511,4.1793351286249084e-05
otrt,128,11,0.9189983738837385,3.050015821790038e-05
otrt,128,12,0.9119678954261611,1.3642050635399096e-07
otrt,128,13,0.9049914755516391,3.061929329162918e-05
otrt,128,14,0.8980688518678793,4.143560088816283e-05
otrt,128,15,0.8911986018572615,5.9096236378742234e-05
otrt,128,16,0.8843809542787747,4.098514521887486e-05
otrt,128,17,0.8776155045647334,2.8514756853613878e-05
otrt,128,18,0.8709020877504172,1.8671008516636616e-07
otrt,128,19,0.8642399458075266,2.8681996291978515e-05
otrt,128,20,0.857628810782591,4.052813166207052e-05
otrt,128,21,0.851067900497225,5.5403906831884e-05
otrt,128,22,0.8445573749241407,3.996949347927321e-05
otrt,128,23,0.8380966527199945,2.6751881573506752e-05
otrt,128,24,0.831685411071886,2.278489094940414e-07
otrt,128,25,0.8253229184160746,2.6961288039897755e-05
otrt,128,26,0.8190095865256569,3.944934196466326e-05
otrt,128,27,0.8127444868062319,5.210911097261013e-05
otrt,128,28,0.8065270355084297,3.8810613323555086e-05
otrt,128,29,0.8003573020512925,2.5171746982072148e-05
otrt,128,30,0.7942347439412025,2.614447049555415e-07
otrt,128,31,0.788158645245711,2.5418292671264414e-05
otrt,128,32,0.7821297561304483,3.8254367304653594e-05
otrt,128,33,0.7761465402460603,4.914206776310506e-05
otrt,128,34,0.7702091232252545,3.755750329318388e-05
otrt,128,35,0.7643173252395127,2.3743060514865183e-05
otrt,128,36,0.7584700031824476,2.887956902671132e-07
otrt,128,37,0.752668411898211,2.402240519886279e-05
otrt,128,38,0.7469107623660959,3.6985247371183574e-05
otrt,128,39,0.7411967696631624,4.644778464436472e-05
otrt,128,40,0.7355266940657731,3.624739597180967e-05
otrt,128,41,0.7299001318360964,2.2441120558115026e-05
otrt,128,42,0.7243163967418867,3.1096226894669193e-07
otrt,128,43,0.7187755234895351,2.2749459857389755e-05
otrt,128,44,0.7132771389449812,3.567388161430615e-05
otrt,128,45,0.707820798239768,4.398276331359064e-05
otrt,128,46,0.7024059721871793,3.4908430827506136e-05
otrt,128,47,0.6970325490156859,2.1246345888495047e-05
otrt,128,48,0.6917004169188633,3.288022168976395e-07
otrt,128,49,0.6864092544321577,2.1580309194376997e-05
otrt,128,50,0.6811582477691591,3.434433923083881e-05
otrt,128,51,0.6759476308565564,4.171246551461808e-05
otrt,128,52,0.670776676329333,3.3561734309772574e-05
otrt,128,53,0.6656453443755265,2.0143157109684708e-05
otrt,128,54,0.6605529611355624,3.430190254971779e-07
otrt,128,55,0.6554998422524078,2.0499721781495935e-05
otrt,128,56,0.6504856678009001,3.301464795461112e-05
otrt,128,57,0.6455096684515008,3.960934571135971e-05
otrt,128,58,0.6405716758503026,3.222303318917055e-05
otrt,128,59,0.6356713227836998,1.9119093063277053e-05
otrt,128,60,0.6308085769664752,3.541877285195924e-07
otrt,128,61,0.6259831573593966,1.9495515825894316e-05
otrt,128,62,0.6211945176425294,3.169816859928895e-05
otrt,128,63,0.6164424269259178,3.7651306766223015e-05
otrt,128,64,0.6117267357094902,3.09038755896188e-05
otrt,128,65,0.6070471587114243,1.8164117151959612e-05
otrt,128,66,0.6024030562523426,3.627818812683628e-07
otrt,128,67,0.5977952297665399,1.8557902140576742e-05
otrt,128,68,0.593222040429975,3.040467203311112e-05
otrt,128,69,0.5886839953229165,3.582051553220026e-05
otrt,128,70,0.5841806297126975,2.9612618543900002e-05
otrt,128,71,0.5797117821567266,1.727009991364881e-05
otrt,128,72,0.5752770209892442,3.6918987328641223e-07
otrt,128,73,0.5708764436448419,1.7678955955084334e-05
otrt,128,74,0.566509239151313,2.9141175971795723e-05
otrt,128,75,0.5621755637947595,3.410248082077188e-05
otrt,128,76,0.557875006347803,2.8355165037866713e-05
otrt,128,77,0.553607433526811,1.64303965468029e-05
otrt,128,78,0.5493720703394881,3.737356085181058e-07
otrt,128,79,0.5451694135110616,1.6852218144282444e-05
otrt,128,80,0.5409993476079547,2.791257542785039e-05
otrt,128,81,0.536860744122746,3.248532341337175e-05
otrt,128,82,0.532753955988955,2.713553790405001e-05
otrt,128,83,0.5286781707320812,1.5639537562411164e-05
otrt,128,84,0.5246341068482209,3.766869137509672e-07
otrt,128,85,0.5206207414104026,1.607238103636076e-05
otrt,128,86,0.5166381996214933,2.6722152160996726e-05
otrt,128,87,0.5126861608447536,3.095922502568699e-05
otrt,128,88,0.5087640853157761,2.595633010307429e-05
otrt,128,89,0.5048721547504305,1.4892966698041093e-05
otrt,128,90,0.5010102985699343,3.7826967580566343e-07
otrt,128,91,0.4971772891456216,1.53350399022417e-05
otrt,128,92,0.49337378509327956,2.55719561851792e-05
otrt,128,93,0.48959985251146965,2.9515995898263895e-05
otrt,128,94,0.48585440958086323,2.481905319006075e-05
otrt,128,95,0.4821378365550495,1.4186865177825779e-05
otrt,128,96,0.47844954390118805,3.786707097866989e-07
otrt,128,97,0.4747895180614753,1.4636509718657327e-05
otrt,128,98,0.47115747469985425,2.446310082704631e-05
otrt,128,99,0.46755319631568193,2.814872989682398e-05
otrt,128,100,0.4639765139412444,2.3724394132051687e-05
otrt,128,101,0.4604270476160058,1.3517987764313052e-05
otrt,128,102,0.45690486919087275,3.7805292639730673e-07
otrt,128,103,0.4534097963842736,1.3973671447237845e-05
otrt,128,104,0.4499411985392542,2.3396002911628157e-05
otrt,128,105,0.446499313407241,2.6851543758027928e-05
otrt,128,106,0.44308362588803957,2.2672433483547366e-05
otrt,128,107,0.43969409756321903,1.288355065711255e-05
otrt,128,108,0.4363305266241566,3.765520561992043e-07
otrt,128,109,0.43299264144675365,1.334385984924949e-05
otrt,128,110,0.42968024185772663,2.237054983246554e-05
otrt,128,111,0.4263934265791592,2.5619376331245087e-05
otrt,128,112,0.423131612967602,2.1662793107149562e-05
otrt,128,113,0.4198947282084766,1.2281138906341948e-05
otrt,128,114,0.4166825046370881,3.742830329457531e-07
otrt,128,115,0.4134953492659184,1.2744772505552747e-05
otrt,128,116,0.41033183580651234,2.1386242712300512e-05
otrt,128,117,0.40719296350409173,2.4447817051785754e-05
otrt,128,118,0.4040780487256573,2.0694758013734303e-05
otrt,128,119,0.40098676278662604,1.1708636881230275e-05
otrt,128,120,0.3979195020915724,3.713472499568705e-07
otrt,128,121,0.3948758257322986,1.2174396416981795e-05
otrt,128,122,0.391854727003086,2.044229432496585e-05
otrt,128,123,0.388857133222092,2.3332988410976346e-05
otrt,128,124,0.38588240909111043,1.976738514496878e-05
otrt,128,125,0.3829304477071816,1.1164171564986954e-05
otrt,128,126,0.3800010521315801,3.6783145361146637e-07
otrt,128,127,0.37709456872543695,1.1630950109686436e-05
otrt,128,128,0.37420964204353246,1.953772217807816e-05
otrt,128,129,0.37134697033463326,2.2271445251505815e-05
otrt,128,130,0.36850617991254914,1.887955303180015e-05
otrt,128,131,0.36568692579923134,1.0646068349109278e-05
otrt,128,132,0.3628897463094317,3.638128215029091e-07
otrt,128,133,0.36011366089878516,1.1112853960812708e-05
otrt,128,134,0.35735896587141136,1.867140172075471e-05
otrt,128,135,0.3546252029683355,2.126009574652895e-05
otrt,128,136,0.35191237102426076,1.8030033163976548e-05
otrt,128,137,0.34922039143079986,1.0152813004850725e-05
otrt,128,138,0.34654882371641926,3.5935917943205604e-07
otrt,128,139,0.3438977570985201,1.061867986542574e-05
otrt,128,140,0.3412669730353913,1.7842118759232506e-05
otrt,128,141,0.3386564256147021,2.0296142633611797e-05
otrt,128,142,0.33606573709821447,1.7217524375490622e-05
otrt,128,143,0.3334951135401213,9.68303361364835e-06
otrt,128,144,0.33094373271529787,3.5452654711508494e-07
otrt,128,145,0.3284123326373536,1.0147135965922055e-05
otrt,128,146,0.3258998856848936,1.704859595664892e-05
otrt,128,147,0.32340675773814576,1.937703885239189e-05
otrt,128,148,0.3209327757488747,1.6440689619299083e-05
otrt,128,149,0.318477817677308,9.23547098018831e-06
otrt,128,150,0.31604140959118415,3.493689452520528e-07
otrt,128,151,0.3136238463061498,9.697037407460795e-06
otrt,128,152,0.3112246080889469,1.6289534136314957e-05
otrt,128,153,0.3088437185316003,1.8500443189212982e-05
otrt,128,154,0.3064811827394817,1.5698171774802215e-05
otrt,128,155,0.3041368708332157,8.808966184668187e-06
otrt,128,156,0.3018101227400347,3.4393215293324534e-07
otrt,128,157,0.2995015204197247,9.26729492567539e-06
otrt,128,158,0.2972102757719504,1.5563622424893056e-05
otrt,128,159,0.2949365497430892,1.7664186204641403e-05
otrt,128,160,0.2926803854914143,1.4988620932534368e-05
otrt,128,161,0.2904413587905856,8.402440506016712e-06
otrt,128,162,0.28821960488867626,3.382527426012018e-07
otrt,128,163,0.286014810103628,8.856897979722437e-06
otrt,128,164,0.2838268766291514,1.4869555917967846e-05
otrt,128,165,0.28165559083860714,1.6866260030205665e-05
otrt,128,166,0.27950097772189136,1.4310702026251484e-05
otrt,128,167,0.27736282269215956,8.014894369192875e-06
otrt,128,168,0.27524101111996535,3.323730338443596e-07
otrt,128,169,0.2731354304183288,8.464905099903509e-06
otrt,128,170,0.2710459786658311,1.42060487345894e-05
otrt,128,171,0.2689726048951454,1.610478827346423e-05
otrt,128,172,0.2669150571732675,1.3663097496721262e-05
otrt,128,173,0.26487317014707995,7.645390774977287e-06
otrt,128,174,0.26284696687639203,3.2632129834761303e-07
otrt,128,175,0.2608362390722848,8.090441323965652e-06
otrt,128,176,0.2588409235080618,1.357184483769788e-05
otrt,128,177,0.25686079947562324,1.5378013248317385e-05
otrt,128,178,0.254895847798229,1.3044535844123548e-05
otrt,128,179,0.25294605536409887,7.293048869089022e-06
otrt,128,180,0.251010916844248,3.2013137232175504e-07
otrt,128,181,0.2490907775156754,7.73268181819716e-06
otrt,128,182,0.24718507034089116,1.2965718464290135e-05
otrt,128,183,0.2452942780068002,1.468428351325497e-05
otrt,128,184,0.24341792621586164,1.2453767271422876e-05
otrt,128,185,0.24155570809936933,6.9570424668466045e-06
otrt,128,186,0.2397079174248436,3.1382993208759016e-07
otrt,128,187,0.23787425335419338,7.390847140846066e-06
otrt,128,188,0.2360544811843244,1.2386474749063016e-05
otrt,128,189,0.23424872759202453,1.4022037405372117e-05
otrt,128,190,0.23245682387267985,1.1889589971360145e-05
otrt,128,191,0.23067856130481698,6.636589596337894e-06
otrt,128,192,0.22891416645113727,3.074384147844864e-07
otrt,128,193,0.22716285509535314,7.064200379057927e-06
otrt,128,194,0.22542494185960704,1.1832964777315073e-05
otrt,128,195,0.22370057398268486,1.3389805194098917e-05
otrt,128,196,0.22198927931743279,1.135084764917469e-05
otrt,128,197,0.22029125729780824,6.3309562492043645e-06
otrt,128,198,0.21860597600802475,3.009819198846357e-07
otrt,128,199,0.2169337185399652,6.75205227104926e-06
otrt,128,200,0.21527421396384933,1.130407778686727e-05
otrt,128,201,0.21362739163012692,1.2786191986132737e-05
otrt,128,202,0.21199320553629278,1.0836414506082066e-05
otrt,128,203,0.21037149316110365,6.039437018042387e-06
otrt,128,204,0.2087621796016042,2.9448054608409136e-07
otrt,128,205,0.20716504751892423,6.453741659883262e-06
otrt,128,206,0.2055803774504778,1.0798740341328233e-05
otrt,128,207,0.20400766355332933,1.2209876411075698e-05
otrt,128,208,0.20244710064730384,1.034521970278707e-05
otrt,128,209,0.2008983197431794,5.761370977422559e-06
otrt,128,210,0.19936154460528405,2.8795227575504446e-07
otrt,128,211,0.19783657239089142,6.168647090903498e-06
otrt,128,212,0.19632333016168582,1.0315926955356394e-05
otrt,128,213,0.19482123052591535,1.1659603330574429e-05
otrt,128,214,0.19333093120491146,9.876226197133345e-06
otrt,128,215,0.19185188114915877,5.49612791812075e-06
otrt,128,216,0.19038428922023923,2.814144306167572e-07
otrt,128,217,0.18892825564513943,5.896171110988613e-06
otrt,128,218,0.1874826494091251,9.854644160924258e-06
otrt,128,219,0.18604858365985869,1.1134182190438216e-05
otrt,128,220,0.18462519974176683,9.428449257245123e-06
otrt,128,221,0.18321306288221903,5.243116638237866e-06
otrt,128,222,0.18181113839482582,2.7487602314335684e-07
otrt,128,223,0.1804207086955682,5.6357476859569805e-06
otrt,128,224,0.17904026442999837,9.413944300706407e-06
otrt,128,225,0.1776706776275719,1.0632476733699359e-05
otrt,128,226,0.1763116220310331,9.000934232163545e-06
otrt,128,227,0.1749629392126524,5.001761197770041e-06
otrt,128,228,0.17362442091013863,2.683551599705494e-07
otrt,128,229,0.17229622418021423,5.386840008669473e-06
otrt,128,230,0.17097805445466735,8.992918504643488e-06
otrt,128,231,0.16967027333835819,1.0153406702972516e-05
otrt,128,232,0.16837227545529082,8.592773434610331e-06
otrt,128,233,0.16708415182020203,4.771520334637866e-06
otrt,128,234,0.16580603732315052,2.6186285806050376e-07
otrt,128,235,0.16453781296228684,5.148936197095973e-06
otrt,128,236,0.1632790398012444,8.590694479336076e-06
otrt,128,237,0.16203003737300353,9.695944570983915e-06
otrt,128,238,0.16079049708881055,8.20309595671581e-06
otrt,128,239,0.15956039705333705,4.551885831249491e-06
otrt,128,240,0.1583398600266724,2.554110053859064e-07
otrt,128,241,0.15712859135975607,4.921543538915989e-06
otrt,128,242,0.15592665222062577,8.206440362682424e-06
otrt,128,243,0.15473381575957662,9.259111066053807e-06
otrt,128,244,0.15355023074325497,7.83107253663234e-06
otrt,128,245,0.15237554143626614,4.342362429074976e-06
otrt,128,246,0.1512096544817868,2.4900787590017383e-07
otrt,128,247,0.1500530985796784,4.704197705468934e-06
otrt,128,248,0.14890524589707863,7.839355847113453e-06
otrt,128,249,0.1477661514761703,8.841969479786202e-06
otrt,128,250,0.14663573371362204,7.475906060865442e-06
otrt,128,251,0.1455140527666771,4.142482987859652e-06
otrt,128,252,0.1444011365978465,2.426636146493695e-07
otrt,128,253,0.1432963217425544,4.496452929110946e-06
otrt,128,254,0.14220006176047945,7.488677553282609e-06
otrt,128,255,0.14111228147167615,8.44363112150724e-06
otrt,128,256,0.1400327600286063,7.136834173540034e-06
otrt,128,257,0.13896151217038558,3.95180576455313e-06
otrt,128,258,0.13789882001432954,2.363838424971474e-07
otrt,128,259,0.13684374977777108,4.297881298784883e-06
otrt,128,260,0.13579668548336096,7.153676031756687e-06
otrt,128,261,0.1347580600703391,8.063247905598756e-06
otrt,128,262,0.1337271586845912,6.813130643952955e-06
otrt,128,263,0.13270432060524603,3.769902965703223e-06
otrt,128,264,0.13168898012005806,2.3017756346480056e-07
otrt,128,265,0.13068162335987096,4.108079000421451e-06
otrt,128,266,0.1296818303816531,6.833646164684196e-06
otrt,128,267,0.1286898536202314,7.699999373015842e-06
otrt,128,268,0.12770540428054308,6.504099849497751e-06
otrt,128,269,0.12672845212547712,3.5963699797373753e-06
otrt,128,270,0.12575896790221436,2.2404794550643465e-07
otrt,128,271,0.12479719722732067,3.92665371593555e-06
otrt,128,272,0.12384227925101306,6.527924646807648e-06
otrt,128,273,0.12289493316253801,7.353120258329591e-06
otrt,128,274,0.12195481330874297,6.209078682828902e-06
otrt,128,275,0.12102172042271658,3.430824148419604e-06
otrt,128,276,0.12009603660418551,2.180038519826273e-07
otrt,128,277,0.1191772478332207,3.7532438755856127e-06
otrt,128,278,0.11826569278923948,6.23587756052002e-06
otrt,128,279,0.11736093177299559,7.021870968100763e-06
otrt,128,280,0.1164632193949154,5.9274371786384775e-06
otrt,128,281,0.11557224871592625,3.272894449889043e-06
otrt,128,282,0.11468780698262349,2.12052005250627e-07
otrt,128,283,0.11381058964381122,3.5874883132748065e-06
otrt,128,284,0.11294029950997371,5.956893364559968e-06
otrt,128,285,0.1120761878047763,6.70554666561564e-06
otrt,128,286,0.11121875827512781,5.658562793493386e-06
otrt,128,287,0.110368112020581,3.122233229381177e-06
otrt,128,288,0.10952388245331326,2.0619518145555332e-07
otrt,128,289,0.1086857548525306,3.429050991354598e-06
otrt,128,290,0.10785452306203665,5.69038323141855e-06
otrt,128,291,0.10702948824466087,6.403471518182867e-06
otrt,128,292,0.10621064899982775,5.401879191955899e-06
otrt,128,293,0.10539816798837505,2.9785037348319872e-06
otrt,128,294,0.10459205757105235,2.0043378270469344e-07
otrt,128,295,0.10379178100294352,3.2776080582866736e-06
otrt,128,296,0.10299777795704793,5.435792811871397e-06
otrt,128,297,0.10221000517533486,6.115004920350978e-06
otrt,128,298,0.10142802986175918,5.1568336619604705e-06
otrt,128,299,0.10065218736368592,2.8413869991601875e-06
otrt,128,300,0.09988208976056345,1.947736135721649e-07
otrt,128,301,0.09911817609737886,3.1328508464581227e-06
otrt,128,302,0.09835985984364956,5.192586206025493e-06
otrt,128,303,0.0976074754518716,5.8395323412935e-06
otrt,128,304,0.09686072408563579,4.9229028953631035e-06
otrt,128,305,0.09611992108425915,2.710579958150359e-06
otrt,128,306,0.09538482883152555,1.8921600104769626e-07
otrt,128,307,0.09465475534474242,2.9944833804152818e-06
otrt,128,308,0.09393074797802523,4.960259118747206e-06
otrt,128,309,0.09321216488821395,5.576469994468682e-06
otrt,128,310,0.09249908210150311,4.699579906271647e-06
otrt,128,311,0.09179158544502732,2.585793741914206e-06
otrt,128,312,0.09108930123050646,1.8376452043437486e-07
otrt,128,313,0.09039244145741777,2.8622259735350834e-06
otrt,128,314,0.08970100311552,4.7383271729604565e-06
otrt,128,315,0.08901487924161523,5.32525904367667e-06
otrt,128,316,0.08833396973584061,4.486388476891131e-06
otrt,128,317,0.08765833850080787,2.4667472554190183e-06
otrt,128,318,0.08698752909697519,1.784212027116983e-07
otrt,128,319,0.08632227928486881,2.7358079136674966e-06
otrt,128,320,0.08566174456218571,4.52632164407797e-06
otrt,128,321,0.0850065149599906,5.085361182587031e-06
otrt,128,322,0.08435639933170536,4.282862999035278e-06
otrt,128,323,0.0837108913889673,2.3531756933241544e-06
otrt,128,324,0.08307046132124676,1.73185052122164e-07
otrt,128,325,0.08243515659460551,2.614969968022267e-06
otrt,128,326,0.08180449955563404,4.323798771113929e-06
otrt,128,327,0.08117874983607301,4.856267944793281e-06
otrt,128,328,0.08055753315147286,4.088569138589038e-06
otrt,128,329,0.07994136636983544,2.2448311275743333e-06
otrt,128,330,0.07932996684470965,1.6805854820867214e-07
otrt,128,331,0.07872342663523779,2.4994662328048904e-06
otrt,128,332,0.07812069388793039,4.13033623528678e-06
otrt,128,333,0.07752315373408676,4.637496148984966e-06
otrt,128,334,0.0769304864302159,3.903088817514519e-06
otrt,128,335,0.07634153689985705,2.141473742318919e-06
otrt,128,336,0.07575776949311876,1.630422234472118e-07
otrt,128,337,0.07517805412014694,2.389060333344879e-06
otrt,128,338,0.07460311002614523,3.945526116120294e-06
otrt,128,339,0.0740323805592872,4.428579198039558e-06
otrt,128,340,0.07346601806034132,3.7260199137389025e-06
otrt,128,341,0.07290421545811701,2.0428737527205184e-06
otrt,128,342,0.07234623186138973,1.581362233096574e-07
otrt,128,343,0.0717928642185168,2.283531186667943e-06
otrt,128,344,0.07124370295926481,3.7689858610505023e-06
otrt,128,345,0.07069869122529383,4.229074212539448e-06
otrt,128,346,0.07015788803158239,3.556981580570478e-06
otrt,128,347,0.06962110624022691,1.9488081421044396e-06
otrt,128,348,0.06908827772100523,1.5334643336269624e-07
otrt,128,349,0.06855998226138507,2.1826620875319554e-06
otrt,128,350,0.06803544898849287,3.6003438295611065e-06
otrt,128,351,0.06751513044945899,4.038553444369736e-06
otrt,128,352,0.06699865870533117,3.3956095614658876e-06
otrt,128,353,0.06648604192338693,1.8590718781600955e-06
otrt,128,354,0.06597764333745472,1.4866509384000205e-07
otrt,128,355,0.06547282739555477,2.0862445563091512e-06
otrt,128,356,0.06497207173483324,3.439243592527673e-06
otrt,128,357,0.06447489269088509,3.856614717569788e-06
otrt,128,358,0.0639816669176359,3.2415588106102507e-06
otrt,128,359,0.06349217536304788,1.7734648510513346e-06
otrt,128,360,0.06300632254908203,1.4409131570075522e-07
otrt,128,361,0.06252494836286691,1.994084265648546e-06
otrt,128,362,0.06204624037763392,3.28535075488212e-06
otrt,128,363,0.061571630716251456,3.682873068599264e-06
otrt,128,364,0.0611006558050443,3.094493766483023e-06
otrt,128,365,0.06063319486306264,1.6918000520590774e-06
otrt,128,366,0.060169372471455936,1.396294454311056e-07
otrt,128,367,0.059709122037830686,1.9059954312174675e-06
otrt,128,368,0.059252348901290136,3.138342362939367e-06
otrt,128,369,0.058799137097439114,3.5169564316272054e-06
otrt,128,370,0.0583492205278945,2.9540998887504405e-06
otrt,128,371,0.0579030074227158,1.6138913775819655e-06
otrt,128,372,0.05745989286011447,1.3527534229442094e-07
otrt,128,373,0.05702029989312308,1.821791159326513e-06
otrt,128,374,0.056584138152122654,2.997909983806715e-06
otrt,128,375,0.05615138543739586,3.358512075104107e-06
otrt,128,376,0.055721746307842754,2.8200743534905603e-06
otrt,128,377,0.05529546728832338,1.5395670215021173e-06
otrt,128,378,0.054872549252178444,1.3103282319141626e-07
otrt,128,379,0.05445280824995502,1.741307568922662e-06
otrt,128,380,0.054035948860951394,2.863760969635426e-06
otrt,128,381,0.05362294224770433,3.2072060702903106e-06
otrt,128,382,0.053212609013955206,2.692127240210135e-06
otrt,128,383,0.05280550415533541,1.4686641242161208e-06
otrt,128,384,0.052401732393555514,1.2689716189114685e-07
otrt,128,385,0.05200072774197795,1.6643768990446525e-06
otrt,128,386,0.05160297364844949,2.7356126226993608e-06
otrt,128,387,0.05120815662399977,3.0627135114063635e-06
otrt,128,388,0.05081643332670933,2.56998501209673e-06
otrt,128,389,0.050427821804981406,1.4010244518670594e-06
otrt,128,390,0.0500418204381787,1.2286832066896122e-07
otrt,128,391,0.049659251367170545,1.590843984761285e-06
otrt,128,392,0.049279305354914656,2.6131999395735185e-06
otrt,128,393,0.04890235431857314,2.9247317525604005e-06
otrt,128,394,0.04852830966681803,2.4533845165086766e-06
otrt,128,395,0.048157005294806696,1.336497051591979e-06
otrt,128,396,0.047788731040907965,1.1894460038214962e-07
otrt,128,397,0.04742295071419738,1.520559109057158e-06
otrt,128,398,0.047059989524125496,2.496266256481025e-06
otrt,128,399,0.046700223244489435,2.7929649050968534e-06
otrt,128,400,0.04634307285933815,2.3420733933583482e-06
otrt,128,401,0.045988388787774684,1.2749399322944594e-06
otrt,128,402,0.04563673316480611,1.1512708331672665e-07
otrt,128,403,0.04528735629789833,1.453378308719477e-06
otrt,128,404,0.04494114647716762,2.384560385614605e-06
otrt,128,405,0.04459744093546009,2.6671351361102073e-06
otrt,128,406,0.04425625375716843,2.235809012763105e-06
otrt,128,407,0.04391759894101354,1.2162179149197565e-06
otrt,128,408,0.04358176261407188,1.1141050209072288e-07
otrt,128,409,0.04324835028687967,1.3891620463558658e-06
otrt,128,410,0.04291736068077656,2.2778518484321245e-06
otrt,128,411,0.04258911374793875,2.5469720906963607e-06
otrt,128,412,0.04226328890791097,2.134365113523172e-06
otrt,128,413,0.0419400916869409,1.1601972015175886e-06
otrt,128,414,0.041619504992505434,1.0779571841539671e-07
otrt,128,415,0.04130086906348719,1.327783847190925e-06
otrt,128,416,0.040984932570445436,2.1759203711761584e-06
otrt,128,417,0.04067129023140104,2.4322225745935055e-06
otrt,128,418,0.04036015962458726,2.0375238690699586e-06
otrt,128,419,0.04005150077043628,1.1067570153031715e-06
otrt,128,420,0.03974508297596806,1.0428095671228055e-07
otrt,128,421,0.03944108299872761,1.2691136464091241e-06
otrt,128,422,0.039139323645777976,2.078548390745102e-06
otrt,128,423,0.03883983796900797,2.3226429239921474e-06
otrt,128,424,0.03854282995199002,1.94507519040918e-06
otrt,128,425,0.03824779676594487,1.0557752237645179e-06
otrt,128,426,0.037955701032512654,1.0086377608967281e-07
otrt,128,427,0.037664723751039665,1.2130364026495478e-06
otrt,128,428,0.03737684404703086,1.985530572962723e-06
otrt,128,429,0.037090909414648064,2.217997025102434e-06
otrt,128,430,0.036807119732128184,1.8568208419265666e-06
otrt,128,431,0.036525639264400875,1.0071398849700718e-06
otrt,128,432,0.03624627518684953,9.754258435407609e-08
otrt,128,433,0.035968839164568785,1.1594358353668565e-06
otrt,128,434,0.035693726194852914,1.8966761082556133e-06
otrt,128,435,0.03542075648222518,2.118067531372603e-06
otrt,128,436,0.0351497033689306,1.7725694112247615e-06
otrt,128,437,0.03488069688180711,9.607442424558695e-07
otrt,128,438,0.03461390517633158,9.43149149740618e-08
otrt,128,439,0.034349145228733065,1.1082022409761465e-06
otrt,128,440,0.034086413376124905,1.811797540493884e-06
otrt,128,441,0.033825760214819346,2.0226403449432463e-06
otrt,128,442,0.03356693688609963,1.6921420876205477e-06
otrt,128,443,0.03331006177244711,9.164849987816846e-07
otrt,128,444,0.033055403849971576,9.118129723541102e-08
otrt,128,445,0.03280247167049983,1.0592311427330827e-06
otrt,128,446,0.03255162588952655,1.730716627622834e-06
otrt,128,447,0.03230251307743475,1.931510602408796e-06
otrt,128,448,0.032055434205401245,1.6153619968248555e-06
otrt,128,449,0.03180997135446241,8.742650352545187e-07
otrt,128,450,0.031566779222310215,8.813624489160885e-08
otrt,128,451,0.031325096154210114,1.0124208836056568e-06
otrt,128,452,0.03108552913452406,1.6532614665991999e-06
otrt,128,453,0.03084794108583637,1.8444842938756575e-06
otrt,128,454,0.030611972822262305,1.5420648231848167e-06
otrt,128,455,0.03037791479263009,8.339881643899228e-07
otrt,128,456,0.030145503544226786,8.51818192455465e-08
otrt,128,457,0.02991473603381307,9.67679345780256e-07
otrt,128,458,0.02968608359964618,1.579273824168498e-06
otrt,128,459,0.02945889043466365,1.7613830946016003e-06
otrt,128,460,0.029233638889651758,1.4720939455691257e-06
otrt,128,461,0.029010028000146605,7.955649144652136e-07
otrt,128,462,0.028788098547479733,8.231389673530513e-08
otrt,128,463,0.028567810485480127,9.249153843970175e-07
otrt,128,464,0.028349141040228263,1.508595380005244e-06
otrt,128,465,0.028132318279578943,1.6820211733421871e-06
otrt,128,466,0.02791707080030724,1.405295989569413e-06
otrt,128,467,0.027703573800642717,7.589089725496258e-07
otrt,128,468,0.027491702834721198,7.953138433194728e-08
otrt,128,469,0.027281285263808894,8.840402624781227e-07
otrt,128,470,0.027072858088833678,1.44108185822355e-06
otrt,128,471,0.026865508510424033,1.6062353648413306e-06
otrt,128,472,0.02665996762169434,1.341531603513102e-06
otrt,128,473,0.0264560612343482,7.239440177318649e-07
otrt,128,474,0.026253578329286043,7.683464207911896e-08
otrt,128,475,0.026052916753820578,8.449699779368462e-07
otrt,128,476,0.025853737212805233,1.3765900601303514e-06
otrt,128,477,0.025655799133775373,1.5338661519806926e-06
otrt,128,478,0.02545964349264979,1.2806559123088606e-06
otrt,128,479,0.0252647786051745,6.905863899018624e-07
otrt,128,480,0.02507151351373711,7.422195673189896e-08
otrt,128,481,0.024879767659143313,8.076270055611153e-07
otrt,128,482,0.024689394181686305,1.3149825465244437e-06
otrt,128,483,0.024500638432155247,1.4647563542386052e-06
otrt,128,484,0.024313057094307016,1.222542010167443e-06
otrt,128,485,0.02412710273087749,6.58766268882687e-07
otrt,128,486,0.02394273033903596,7.168387762034798e-08
otrt,128,487,0.023759509776427486,7.719306329398162e-07
otrt,128,488,0.023577438628922948,1.256129065608184e-06
otrt,128,489,0.023397307362850225,1.3987575047862844e-06
otrt,128,490,0.02321821247053168,1.1670665338873513e-06
otrt,128,491,0.02304080801381351,6.284106917582977e-07
otrt,128,492,0.02286439290750294,6.922497845099549e-08
otrt,128,493,0.022689538594074878,7.378128643389336e-07
otrt,128,494,0.022516121361469764,1.199911747466841e-06
otrt,128,495,0.022343769390786104,1.3357335955505394e-06
otrt,128,496,0.022172775447637214,1.1141067277388834e-06
otrt,128,497,0.022003273388754456,5.994527968895553e-07
otrt,128,498,0.021834780112361854,6.684330984631778e-08
otrt,128,499,0.021667873781070098,7.052014840780093e-07
otrt,128,500,0.02150207677486223,1.1462077239460508e-06
otrt,128,501,0.021337557366202804,1.2755471199953912e-06
otrt,128,502,0.021174306454001306,1.0635501220172939e-06
otrt,128,503,0.021012394712638605,5.718285912005686e-07
otrt,128,504,0.02085191718144998,6.453503932261167e-08
otrt,128,505,0.02069218420769609,6.740316967878805e-07
otrt,128,506,0.020533908052360522,1.094908525092199e-06
otrt,128,507,0.020376679362341697,1.2180742625455132e-06
otrt,128,508,0.020220808777606902,1.01528858313957e-06
otrt,128,509,0.020065942713157956,5.454774712342841e-07
otrt,128,510,0.019912647799343767,6.229743478517328e-08
otrt,128,511,0.019760290300862106,6.442395079964034e-07
otrt,128,512,0.01960926318951025,1.045904088842658e-06
otrt,128,513,0.019459051390564246,1.163191035499449e-06
otrt,128,514,0.019310303232923216,9.692160073061066e-07
otrt,128,515,0.019162590676074953,5.203373982492273e-07
otrt,128,516,0.019015914485889816,6.013208639620095e-08
otrt,128,517,0.01887060307269656,6.157641896066778e-07
otrt,128,518,0.018726219850428077,9.990961024747356e-07
otrt,128,519,0.018582939653131646,1.1107791203959789e-06
otrt,128,520,0.018440726760292812,9.252358582137214e-07
otrt,128,521,0.018299685990268613,4.963573300642666e-07
otrt,128,522,0.01815978983828911,5.803692924701794e-08
otrt,128,523,0.018020845648433283,5.885437631524712e-07
otrt,128,524,0.017883034273746903,9.543809652247456e-07
otrt,128,525,0.0177461642808969,1.0607281714006702e-06
otrt,128,526,0.01761042086859906,8.832485774409074e-07
otrt,128,527,0.017475733350103696,4.734817410746436e-07
otrt,128,528,0.017342012831234665,5.6007580710340556e-08
otrt,128,529,0.017209253567650348,5.625275455758275e-07
otrt,128,530,0.017077946187786127,9.116651807613509e-07
otrt,128,531,0.016947051719169062,1.0129331152837203e-06
otrt,128,532,0.01681742907428815,8.43166147031134e-07
otrt,128,533,0.016688695924456654,4.5166001518411713e-07
otrt,128,534,0.016561236871886247,5.404140246658331e-08
otrt,128,535,0.016434665783561578,5.376597911761983e-07
otrt,128,536,0.016309028227607263,8.708612008252235e-07
otrt,128,537,0.01618403399425749,9.672917793980413e-07
otrt,128,538,0.016060195561034833,8.049031862686622e-07
otrt,128,539,0.015937360658366154,4.308430415894511e-07
otrt,128,540,0.01581535884887412,5.214030236551868e-08
otrt,128,541,0.015694050379787237,5.138914412484069e-07
otrt,128,542,0.01557425894118015,8.318846660090599e-07
otrt,128,543,0.015455276119321527,9.23705339618909e-07
otrt,128,544,0.01533714580133011,7.683756711185273e-07
otrt,128,545,0.015219653936065862,4.109836034548535e-07
otrt,128,546,0.01510331443306639,5.030218054698372e-08
otrt,128,547,0.014987709061518969,4.911759548171295e-07
otrt,128,548,0.014872948956054895,7.946523584530045e-07
otrt,128,549,0.014759286397845425,8.820840549725464e-07
otrt,128,550,0.014646376800325787,7.335062531352477e-07
otrt,128,551,0.014534300145152059,3.92039770096476e-07
otrt,128,552,0.014423567455965715,4.852286827498313e-08
otrt,128,553,0.0143128898541246,4.6946125833625337e-07
otrt,128,554,0.014203533059702723,7.590842550095952e-07
otrt,128,555,0.014094667980687646,8.423365645995671e-07
otrt,128,556,0.013986823798778877,7.002174697212444e-07
otrt,128,557,0.013879874481783282,3.7396895397352426e-07
otrt,128,558,0.013773727612922938,4.680054402947185e-08
otrt,128,559,0.013668229921097223,4.487052886274998e-07
otrt,128,560,0.013564078232713267,7.251086246904786e-07
otrt,128,561,0.013459963366513311,8.043803850053163e-07
otrt,128,562,0.013357076060451487,6.684400057570741e-07
otrt,128,563,0.013254827760365528,3.567310391145921e-07
otrt,128,564,0.013153270187232675,4.513576703169193e-08
otrt,128,565,0.0130529129672027,4.288668066881491e-07
otrt,128,566,0.012952985555982552,6.92652920554919e-07
otrt,128,567,0.012853913649260603,7.681324619024991e-07
otrt,128,568,0.012755741869470328,6.381037533043467e-07
otrt,128,569,0.01265805032545841,3.4028445613529815e-07
otrt,128,570,0.012561267500634465,4.3526344993895456e-08
otrt,128,571,0.012464953673446173,4.099072065536791e-07
otrt,128,572,0.01236984755034933,6.61650483914119e-07
otrt,128,573,0.012275106929068727,7.335186290603407e-07
otrt,128,574,0.012181211619828759,6.091444655675086e-07
otrt,128,575,0.012088018211029327,3.245975925530068e-07
otrt,128,576,0.011995621787042735,4.197042867171025e-08
otrt,128,577,0.0119038924872035,3.917850758503535e-07
otrt,128,578,0.011812497034727115,6.32035345308634e-07
otrt,128,579,0.011722326940318698,7.004656201866528e-07
otrt,128,580,0.01163272468516332,5.814981340633589e-07
otrt,128,581,0.01154386615757828,3.0963171327793774e-07
otrt,128,582,0.01145556318753423,4.04661523151652e-08
otrt,128,583,0.011367738384620284,3.744626714337876e-07
otrt,128,584,0.011280829938802202,6.037451746211629e-07
otrt,128,585,0.011194536126257409,6.689024347694976e-07
otrt,128,586,0.011108935120048014,5.55106940282931e-07
otrt,128,587,0.01102398852862024,2.953579615627436e-07
otrt,128,588,0.010939355158942714,3.901301333314338e-08
otrt,128,589,0.010855893414817425,3.579066467316169e-07
otrt,128,590,0.010772803205716162,5.767203996962272e-07
otrt,128,591,0.010690392524766286,6.387614478266257e-07
otrt,128,592,0.010608745937048343,5.299131261363441e-07
otrt,128,593,0.010527439796769105,2.817418203716235e-07
otrt,128,594,0.010447094316668216,3.7607513484187315e-08
otrt,128,595,0.010367020158672259,3.4208229699237916e-07
otrt,128,596,0.010287563480032205,5.509056560623067e-07
otrt,128,597,0.01020896968690886,6.099791894476398e-07
otrt,128,598,0.010131012500186463,5.058630575194973e-07
otrt,128,599,0.010053341016376015,2.687515146398513e-07
otrt,128,600,0.009976708411350031,3.625013623777598e-08
otrt,128,601,0.009900207467249358,3.269573058461155e-07
otrt,128,602,0.009824518342134058,5.262463319945433e-07
otrt,128,603,0.009749282059560188,5.824896034576198e-07
otrt,128,604,0.009674755911965498,4.829028533073774e-07
otrt,128,605,0.009600513385324872,2.5635945696917275e-07
otrt,128,606,0.009527306941148818,3.493925967652934e-08
otrt,128,607,0.009454404018328255,3.124984176990869e-07
otrt,128,608,0.00938204484939244,5.026893343106808e-07
otrt,128,609,0.009310383770896689,5.562413126192158e-07
otrt,128,610,0.009239091946244268,4.609849430932733e-07
otrt,128,611,0.009168287720142006,2.445388977377331e-07
otrt,128,612,0.009098224835358859,3.3672113374205106e-08
otrt,128,613,0.00902878272353288,2.9868175042434315e-07
otrt,128,614,0.008959667350354562,4.801882951607384e-07
otrt,128,615,0.008891027673124816,5.311756374897768e-07
otrt,128,616,0.008822991126732715,4.400635034012695e-07
otrt,128,617,0.008755465845348137,2.3326329096994543e-07
otrt,128,618,0.00868839895749442,3.244825446514115e-08
otrt,128,619,0.008621858987072743,2.8547619770965856e-07
otrt,128,620,0.008556014205633624,4.5869574144172716e-07
otrt,128,621,0.008490700229860964,5.072407478865633e-07
otrt,128,622,0.008425683736605028,4.2008964163282024e-07
otrt,128,623,0.008361059909824109,2.2250630496061354e-07
otrt,128,624,0.0082970716885506,3.126793337937315e-08
otrt,128,625,0.008233867423084166,2.7285401915884105e-07
otrt,128,626,0.008170877741145829,4.381627412613205e-07
otrt,128,627,0.008108339142764332,4.84381761445849e-07
otrt,128,628,0.00804634015473455,4.0102363598164007e-07
otrt,128,629,0.007984940007877714,2.1224518410122077e-07
otrt,128,630,0.007923486087198752,3.0125234871597077e-08
otrt,128,631,0.007863025102307217,2.6078655402704247e-07
otrt,128,632,0.007802854047645175,4.185491110588702e-07
otrt,128,633,0.007743201391249798,4.625520494679757e-07
otrt,128,634,0.00768402245423757,3.8282279273110823e-07
otrt,128,635,0.007625181654507644,2.0245650758065107e-07
otrt,128,636,0.00756675003960365,2.9024631330944307e-08
otrt,128,637,0.00750903289022788,2.4925273334445675e-07
otrt,128,638,0.007451552923431025,3.998145671861716e-07
otrt,128,639,0.007394611363649354,4.4170820891809066e-07
otrt,128,640,0.007337975491974994,3.65445304644204e-07
otrt,128,641,0.007281973630896281,1.9312172334932258e-07
otrt,128,642,0.007226012772430744,2.7961624996190223e-08
otrt,128,643,0.007170624455225668,2.3823191807800515e-07
otrt,128,644,0.007116124339425975,3.8191607216161406e-07
otrt,128,645,0.00706154550156219,4.2180317222026043e-07
otrt,128,646,0.007007547019385142,3.488586165021682e-07
otrt,128,647,0.00695362130239372,1.842132968092803e-07
otrt,128,648,0.006900761753241701,2.693471471675258e-08
otrt,128,649,0.006848168109811511,2.2769790428235004e-07
otrt,128,650,0.006795366823478841,3.6482214985392464e-07
otrt,128,651,0.0067436125901890595,4.0279689543776753e-07
otrt,128,652,0.006692092097891349,3.330254043819211e-07
otrt,128,653,0.006640934737285817,1.7571822072995914e-07
otrt,128,654,0.006589956187000814,2.594429171785726e-08
otrt,128,655,0.006539636209020695,2.176275837446197e-07
otrt,128,656,0.006489530932297374,3.484916799381873e-07
otrt,128,657,0.006439962155143984,3.8464401124652664e-07
otrt,128,658,0.006390743490205907,3.179083315886411e-07
otrt,128,659,0.0063417545606744355,1.6761309987926646e-07
otrt,128,660,0.006293169197456712,2.4988401757732633e-08
otrt,128,661,0.006245085867427076,2.0800499883825748e-07
otrt,128,662,0.006197489154082899,3.3289172414642216e-07
otrt,128,663,0.006149911406974389,3.673106301693388e-07
otrt,128,664,0.006102917495869548,3.034795112758417e-07
otrt,128,665,0.006056184618936554,1.59883071627691e-07
otrt,128,666,0.006009881999286392,2.406339415743253e-08
otrt,128,667,0.005964053220657386,1.9880513860578355e-07
otrt,128,668,0.005918342024688774,3.1798924015878993e-07
otrt,128,669,0.005872960137865979,3.5075690991196814e-07
otrt,128,670,0.005828126649916103,2.897054595380588e-07
otrt,128,671,0.005783500798596359,1.525070033842106e-07
otrt,128,672,0.005739362497779076,2.3174674824844578e-08
otrt,128,673,0.005695376799384103,1.9001321414097742e-07
otrt,128,674,0.005651646825689,3.037574379127118e-07
otrt,128,675,0.005608616929344208,3.3495025264695337e-07
otrt,128,676,0.005565665538219498,2.7655574613966785e-07
otrt,128,677,0.005523137815204298,1.45472517696246e-07
otrt,128,678,0.005480907702220708,2.23173905576877e-08
otrt,128,679,0.005439015646682737,1.8160847023872854e-07
otrt,128,680,0.005397223734277343,2.901600373489847e-07
otrt,128,681,0.005356113683234699,3.198547694232426e-07
otrt,128,682,0.00531509577870894,2.6400235251060585e-07
otrt,128,683,0.0052744244220986475,1.387615151909696e-07
otrt,128,684,0.005234013143679924,2.14876669432626e-08
otrt,128,685,0.005194103875693314,1.7357651041725186e-07
otrt,128,686,0.005154339117862836,2.7716941795205904e-07
otrt,128,687,0.005114849068706349,3.054395423591901e-07
otrt,128,688,0.005075657718805786,2.5201854424523183e-07
otrt,128,689,0.005036922194541742,1.3236021899315055e-07
otrt,128,690,0.0049987219640400885,2.0687823621543045e-08
otrt,128,691,0.0049598542832442446,1.658990078734363e-07
otrt,128,692,0.004922202369457903,2.647610742397259e-07
otrt,128,693,0.0048844013766147455,2.916735553628378e-07
otrt,128,694,0.00484710554229268,2.405787724834252e-07
otrt,128,695,0.004810054627592094,1.2625479339881554e-07
otrt,128,696,0.004773067589735918,1.991683621418286e-08
otrt,128,697,0.004736856674591845,1.5855981193936305e-07
otrt,128,698,0.004700495368379528,2.5291048884750467e-07
otrt,128,699,0.004664561116976144,2.785283057447295e-07
otrt,128,700,0.0046288895749028195,2.2965843795518664e-07
otrt,128,701,0.004593693063571699,1.2042982856599884e-07
otrt,128,702,0.004558537808712562,1.917548489799656e-08
otrt,128,703,0.004523462330719337,1.5154787164710253e-07
otrt,128,704,0.004488996829993408,2.4158746823387735e-07
otrt,128,705,0.004454598494872542,2.659764262620895e-07
otrt,128,706,0.00442041074029158,2.192324555358218e-07
otrt,128,707,0.004386490168833394,1.1487408596690787e-07
otrt,128,708,0.004353214866897738,1.8457347825225372e-08
otrt,128,709,0.004319906050710348,1.448457390564456e-07
otrt,128,710,0.004286772149947816,2.3077075246641504e-07
otrt,128,711,0.004254069771279125,2.5399093736325106e-07
otrt,128,712,0.004221407874682893,2.092807000497479e-07
otrt,128,713,0.004189214476739077,1.0957462277649088e-07
otrt,128,714,0.004157306091706089,1.7763757353159023e-08
otrt,128,715,0.004125341391256202,1.3843825795910869e-07
otrt,128,716,0.004093674282408423,2.2043676427660218e-07
otrt,128,717,0.004062361235991228,2.4254253511726444e-07
otrt,128,718,0.00403127777289403,1.9978033026907647e-07
otrt,128,719,0.00400050521722906,1.0451842396297538e-07
otrt,128,720,0.0039695870625389255,1.709641291043125e-08
otrt,128,721,0.0039394710665594775,1.3231212617922625e-07
otrt,128,722,0.003909428775166058,2.105680975975201e-07
otrt,128,723,0.0038794577019635682,2.3161051465660245e-07
otrt,128,724,0.0038497784431680794,1.9071019032958745e-07
otrt,128,725,0.003820316929534818,9.969626688206902e-08
otrt,128,726,0.0037909548737988332,1.645441331927116e-08
otrt,128,727,0.0037621320135712184,1.2645967489003323e-07
otrt,128,728,0.0037334503466511537,2.0114060018865747e-07
otrt,128,729,0.0037047557875948102,2.2117400828937326e-07
otrt,128,730,0.0036765302893491305,1.820546812073989e-07
otrt,128,731,0.0036483636623584176,9.509804924738786e-08
otrt,128,732,0.003620408453049251,1.583337101821645e-08
otrt,128,733,0.0035929764966576233,1.2086376568951103e-07
otrt,128,734,0.0035651672818827976,1.9213540038428817e-07
otrt,128,735,0.003537956850448012,2.1120551362774009e-07
otrt,128,736,0.0035108669402842854,1.737914975914176e-07
otrt,128,737,0.003484065987201076,9.071071081096626e-08
otrt,128,738,0.0034573196583450186,1.5237139648303385e-08
otrt,128,739,0.0034309187037244067,1.1551741376833602e-07
otrt,128,740,0.003404748894583757,1.8353421987491347e-07
otrt,128,741,0.003378682868638236,2.0168720381282382e-07
otrt,128,742,0.0033528897589849165,1.6590273105995419e-07
otrt,128,743,0.0033270454749559455,8.652475593098474e-08
otrt,128,744,0.003301675339624913,1.466306754370826e-08
otrt,128,745,0.003276153408599057,1.1040739111219296e-07
otrt,128,746,0.003251370540764103,1.7531862115917272e-07
otrt,128,747,0.0032265950685524333,1.9259885797646996e-07
otrt,128,748,0.0032019181558024714,1.5837069531580497e-07
otrt,128,749,0.003177240905589705,8.253241116054568e-08
otrt,128,750,0.003152809460865279,1.4107797363340442e-08
otrt,128,751,0.003128942042921833,1.0552324746860119e-07
otrt,128,752,0.0031051124273029666,1.6746691513539743e-07
otrt,128,753,0.003081293889458886,1.8391792210611396e-07
otrt,128,754,0.003057735617259321,1.5118119760972754e-07
otrt,128,755,0.0030341939691267343,7.872378610634667e-08
otrt,128,756,0.0030111138522240185,1.3572696476842238e-08
otrt,128,757,0.002987994344778357,1.008531354116339e-07
otrt,128,758,0.0029651650122657107,1.5996852079351426e-07
otrt,128,759,0.0029423989736676367,1.7562704949029492e-07
otrt,128,760,0.0029199362654999277,1.443170105792008e-07
otrt,128,761,0.0028975589932846582,7.509119269104249e-08
otrt,128,762,0.0028754588303081204,1.3059292895537399e-08
otrt,128,763,0.002853411399318077,9.639243383978185e-08
otrt,128,764,0.002831590302133016,1.528052352588224e-07
otrt,128,765,0.0028100081894763913,1.6771110765328383e-07
otrt,128,766,0.00278849623764661,1.3776392560076903e-07
otrt,128,767,0.0027671494971833422,7.162470100139981e-08
otrt,128,768,0.002745803209495696,1.256364643855176e-08
otrt,128,769,0.0027248146827620386,9.212695930400297e-08
otrt,128,770,0.002704133224461424,1.4596269138947497e-07
otrt,128,771,0.0026834755640576914,1.601526351939464e-07
otrt,128,772,0.0026628471907939144,1.3150953996104378e-07
otrt,128,773,0.0026425631567864433,6.832109169218292e-08
otrt,128,774,0.0026223842009761304,1.2083895723733291e-08
otrt,128,775,0.0026022734598572235,8.804995911921614e-08
otrt,128,776,0.002582327139199641,1.3942694223079646e-07
otrt,128,777,0.0025625927658081134,1.529350402127329e-07
otrt,128,778,0.0025430362865660823,1.2553877049987748e-07
otrt,128,779,0.0025235931387045667,6.516857747609024e-08
otrt,128,780,0.002504514157809649,1.1622311525219048e-08
otrt,128,781,0.002485101994514108,8.415363496147064e-08
otrt,128,782,0.002465987620113658,1.331835036134544e-07
otrt,128,783,0.002447241952482682,1.4604160776790925e-07
otrt,128,784,0.0024284355754160447,1.1984089954082095e-07
otrt,128,785,0.0024100159056475007,6.216159252221557e-08
otrt,128,786,0.002391390551204575,1.1178158271441723e-08
otrt,128,787,0.0023730067545064556,8.04286187545064e-08
otrt,128,788,0.002355048312957202,1.2722031204537338e-07
otrt,128,789,0.002336952749500734,1.394577497668989e-07
otrt,128,790,0.002319099747086802,1.144000321348349e-07
otrt,128,791,0.00230136713586041,5.929245035750501e-08
otrt,128,792,0.002283413229356272,1.0753028525302277e-08
otrt,128,793,0.0022663121140050657,7.687029021120209e-08
otrt,128,794,0.0022488825758370623,1.215249925210603e-07
otrt,128,795,0.0022317798080459667,1.331729416569466e-07
otrt,128,796,0.0022148163327781324,1.0920630728115498e-07
otrt,128,797,0.002197830470002119,5.655440014727815e-08
otrt,128,798,0.002180920403746161,1.034141569292621e-08
otrt,128,799,0.0021643941679576235,7.346849421404773e-08
otrt,128,800,0.002147716151889368,1.1608402399036447e-07
srt,128,0,1.0,0.0
srt,128,1,1.016007493441396,3.5355338695808314e-05
srt,128,2,1.0322713779279054,8.27832327780836e-05
srt,128,3,1.0487953341891874,5.348520567408489e-05
srt,128,4,1.0655843138214154,2.2850337770951433e-05
srt,128,5,1.082641286150968,9.156109789159315e-05
srt,128,6,1.0999715587443568,0.00010214425762397733
srt,128,7,1.1175794608176863,1.5180616980271426e-06
srt,128,8,1.1354689929254376,0.00010686657111968907
srt,128,9,1.153645111084978,0.00010487562815210663
srt,128,10,1.1721121306405768,2.7608602604697896e-05
srt,128,11,1.1908746221702202,7.632952177947898e-05
srt,128,12,1.2099371332474103,0.00011596198269659033
srt,128,13,1.2293058182108036,5.243427402937351e-05
srt,128,14,1.2489834804693642,3.310975552172182e-05
srt,128,15,1.268976506983298,9.618770898624534e-05
srt,128,16,1.2892897245710253,9.864153777886668e-05
srt,128,17,1.309927974146819,1.3978885879977831e-05
srt,128,18,1.3308965033612468,8.080740442559214e-05
srt,128,19,1.3522007130401048,0.00011800091409505243
srt,128,20,1.3738460861731736,6.934613120069152e-05
srt,128,21,1.3958379900852673,5.2494516636344704e-05
srt,128,22,1.4181818193341609,0.00013381146331588857
srt,128,23,1.440883503878085,0.00010075383489868743
srt,128,24,1.4639484311813438,8.782100870437557e-06
srt,128,25,1.487382247788617,0.00011916559435997344
srt,128,26,1.5111917911066468,0.00013333647162421303
srt,128,27,1.5353821631629734,3.438560012809841e-05
srt,128,28,1.5599597051977607,8.453058478149224e-05
srt,128,29,1.5849306125919935,0.00014134931752110075
srt,128,30,1.6103013042856897,9.113945313056958e-05
srt,128,31,1.6360784196037954,3.876301692816249e-05
srt,128,32,1.662267623809514,0.00013739303013947574
srt,128,33,1.688876270825825,0.0001311862850655071
srt,128,34,1.7159111732777081,2.3057121046161318e-05
srt,128,35,1.7433784336937717,0.00011490013988740361
srt,128,36,1.7712855225550563,0.0001623044398052172
srt,128,37,1.7996395770374547,7.73261256969692e-05
srt,128,38,1.828447159885108,6.945847009759709e-05
srt,128,39,1.857715837280962,0.00016854950873467522
srt,128,40,1.8874531996078718,0.0001324414934038635
srt,128,41,1.9176666745291102,1.4557176978753753e-05
srt,128,42,1.9483631802603558,0.000149113465507891
srt,128,43,1.9795519960233594,0.00016972381249350722
srt,128,44,2.011239479722189,5.5483050959047526e-05
srt,128,45,2.04343455990767,0.00010966591614943315
srt,128,46,2.0761447033373632,0.00018861932690255703
srt,128,47,2.1093783822821526,0.00011979056002379962
srt,128,48,2.1431445765039046,4.611345291287852e-05
srt,128,49,2.177450424661009,0.00018396525023307988
srt,128,50,2.212306231451685,0.00017595888817017647
srt,128,51,2.2477197029414797,2.5027779524267296e-05
srt,128,52,2.283699893080495,0.00014924675247557874
srt,128,53,2.3202562470713133,0.00021107327879637766
srt,128,54,2.3573979564058787,0.00010295181113506363
srt,128,55,2.3951333831918453,9.290522857159731e-05
srt,128,56,2.4334737568443323,0.00021742390222258812
srt,128,57,2.4724272667967218,0.00017199024689963015
srt,128,58,2.512004658561119,1.358681793290163e-05
srt,128,59,2.5522154093644955,0.00019538193619256423
srt,128,60,2.5930702192406936,0.00022347221741482004
srt,128,61,2.634578485308532,7.336056351394864e-05
srt,128,62,2.676751547753983,0.00014013994465332175
srt,128,63,2.7195995437965697,0.00024926498173568436
srt,128,64,2.7631333934145506,0.00015945419801853772
srt,128,65,2.80736381704464,6.185237834818305e-05
srt,128,66,2.8523033588493583,0.00023957073070372763
srt,128,67,2.89796137677244,0.00023106407632682754
srt,128,68,2.9443503109772284,3.474501034910291e-05
srt,128,69,2.9914820374188285,0.000196310951440144
srt,128,70,3.0393680961949627,0.0002750881435528885
srt,128,71,3.088020852182713,0.00013536743979542984
srt,128,72,3.1374521213187254,0.00011836482866340038
srt,128,73,3.187674773283375,0.0002852649251391604
srt,128,74,3.2387014410182435,0.00022623165353230848
srt,128,75,3.290544927408675,1.6496798306551333e-05
srt,128,76,3.3432183355309433,0.0002535878524674187
srt,128,77,3.396734916330121,0.000294508273569395
srt,128,78,3.4511076957789553,9.823661370494161e-05
srt,128,79,3.5063513476567794,0.00018338232546200262
srt,128,80,3.5624791585950626,0.00032574331536488105
srt,128,81,3.619505506540344,0.00021054232962213238
srt,128,82,3.677444586711189,7.897059319451935e-05
srt,128,83,3.736311091281586,0.00031411471415561187
srt,128,84,3.796120033318133,0.0003027149523811797
srt,128,85,3.8568862802374406,4.721200054627846e-05
srt,128,86,3.9186254471298536,0.0002549264626850308
srt,128,87,3.9813527574048893,0.00036123047967677685
srt,128,88,4.04508428541574,0.00017882315402842106
srt,128,89,4.10983593720057,0.00015330642179233454
srt,128,90,4.175624071409645,0.00037244584932608424
srt,128,91,4.2424648819736,0.00029841131719651347
srt,128,92,4.310376192898952,1.9349148046859213e-05
srt,128,93,4.379374671710893,0.00033148782476637346
srt,128,94,4.449476898678626,0.00038603153411576144
srt,128,95,4.520702125588797,0.00013113887649675153
srt,128,96,4.593067181506163,0.00023822504464286512
srt,128,97,4.666590473737943,0.00042714462183738087
srt,128,98,4.741291280536191,0.00027712839229452946
srt,128,99,4.817186974701862,0.0001010742055482777
srt,128,100,4.894298024626794,0.0004101208935211353
srt,128,101,4.972643366219859,0.00039813766905784544
srt,128,102,5.0522428315307994,6.411670461062292e-05
srt,128,103,5.133116420010933,0.0003321366094916505
srt,128,104,5.2152848840212895,0.000473169460571813
srt,128,105,5.29876827515105,0.00023697533406731358
srt,128,106,5.383588153436689,0.00019838033014652604
srt,128,107,5.469765721450117,0.00048746825403381847
srt,128,108,5.557322988680148,0.0003924058987905354
srt,128,109,5.646281497185747,2.2273397539723337e-05
srt,128,110,5.736664307740282,0.0004325842048219944
srt,128,111,5.828493851925385,0.0005068745076672461
srt,128,112,5.921793318565746,0.00017432892464996905
srt,128,113,6.01658614940065,0.0003094763589472163
srt,128,114,6.112896794849299,0.0005592442895988881
srt,128,115,6.2107486057856915,0.00036564424169023785
srt,128,116,6.31016705024292,0.00012947606464009512
srt,128,117,6.411176933605143,0.000535892687031156
srt,128,118,6.513803720666771,0.0005229428195935023
srt,128,119,6.618073236510055,8.751704326003886e-05
srt,128,120,6.724012061480668,0.00043273698463731165
srt,128,121,6.831646333328854,0.0006203600537411574
srt,128,122,6.941003966850025,0.0003133205048187733
srt,128,123,7.052111794029827,0.00025644784404237075
srt,128,124,7.16499855635164,0.0006377300665087141
srt,128,125,7.2796916216029635,0.0005164811261179811
srt,128,126,7.396221465558408,2.560088506689314e-05
srt,128,127,7.5146163042939556,0.0005644169754424059
srt,128,128,7.634906446481838,0.0006651300749377627
srt,128,129,7.757121600086088,0.00023218236801487215
srt,128,130,7.881293839569511,0.00040220599579858784
srt,128,131,8.007453536555623,0.0007323201451107695
srt,128,132,8.135632832389705,0.0004820319811220378
srt,128,133,8.265863385745371,0.00016541139578633962
srt,128,134,8.398179383192494,0.0007002974436080863
srt,128,135,8.532612880123173,0.0006871030302189681
srt,128,136,8.669198319219683,0.00011889497726739987
srt,128,137,8.807970254417258,0.0005635855624477435
srt,128,138,8.948963625449673,0.0008132418874997628
srt,128,139,9.092214113108126,0.00041447082012662124
srt,128,140,9.237757620830966,0.00033172248864615143
srt,128,141,9.385630465685834,0.0008341907649901252
srt,128,142,9.535870619774144,0.0006795868039168607
srt,128,143,9.688516035320237,2.8583980923371014e-05
srt,128,144,9.843604955988404,0.0007365557066478715
srt,128,145,10.001175812175036,0.000872791402492925
srt,128,146,10.161269577962656,0.000308961904070097
srt,128,147,10.323925496376598,0.0005224568803538959
srt,128,148,10.489185868636467,0.000959018729984514
srt,128,149,10.65709117656952,0.000635523648913311
srt,128,150,10.827684467282026,0.00021137056779883372
srt,128,151,11.001008201239673,0.000914969930500589
srt,128,152,11.177106578748939,0.0009027620729599327
srt,128,153,11.356023468922224,0.00016143509331152786
srt,128,154,11.53780496471928,0.00073411522388526
srt,128,155,11.722496344959813,0.0010659816775197017
srt,128,156,11.910143843267887,0.0005481478355431462
srt,128,157,12.100795405860122,0.0004288725131298641
srt,128,158,12.294498327336608,0.0010912488516237637
srt,128,159,12.491302277277764,0.0008941402890356084
srt,128,160,12.69125652689786,3.1038742763102214e-05
srt,128,161,12.894411555159513,0.0009610289188587634
srt,128,162,13.100818635866835,0.0011453177989212736
srt,128,163,13.310529523230652,0.00041105068573364347
srt,128,164,13.52359745471632,0.000678688250731406
srt,128,165,13.740076142111507,0.0012557681998476558
srt,128,166,13.96001989160452,0.0008378538003093402
srt,128,167,14.18348463367512,0.00026986676837990377
srt,128,168,14.410526670852501,0.0011954949570347547
srt,128,169,14.641202463683026,0.001186004625622415
srt,128,170,14.875571190152785,0.00021890280908362604
srt,128,171,15.113691592110005,0.000956116448328691
srt,128,172,15.355623649108857,0.0013972937753647882
srt,128,173,15.601428263715833,0.0007248266867462287
srt,128,174,15.851168024341538,0.0005543946759068111
srt,128,175,16.104904751600458,0.0014274079065459133
srt,128,176,16.362704051517678,0.0011764200815896203
srt,128,177,16.624629508789187,3.22646855673155e-05
srt,128,178,16.89074769372978,0.0012539009994213422
srt,128,179,17.161126281482204,0.00150283638693267
srt,128,180,17.435832241065555,0.0005467496171046932
srt,128,181,17.714936272866158,0.0008815284382104545
srt,128,182,17.99850752426485,0.0016443382182614935
srt,128,183,18.286618326421284,0.0011044822100807592
srt,128,184,18.579340814477437,0.0003443056682772971
srt,128,185,18.87674934857464,0.0015619385647353224
srt,128,186,19.178918308027995,0.0015580944180602976
srt,128,187,19.485924375868617,0.0002964554623130748
srt,128,188,19.797844486937585,0.0012451838232369857
srt,128,189,20.11475838988973,0.001831488756727097
srt,128,190,20.436745214889257,0.0009583699169942957
srt,128,191,20.76388550928945,0.0007165104568570691
srt,128,192,21.096262602180317,0.0018670802942011887
srt,128,193,21.433960817219223,0.0015477088207259424
srt,128,194,21.777064155479444,3.124939258569771e-05
srt,128,195,22.125660381246355,0.0016359442208327827
srt,128,196,22.479836585179754,0.0019719149511725517
srt,128,197,22.839681696795754,0.0007270332392314158
srt,128,198,23.205287306182097,0.0011448666809126846
srt,128,199,23.576745289433507,0.0021530638523001955
srt,128,200,23.954149515907062,0.0014558795406187897
srt,128,201,24.337594903210658,0.00043896547320321596
srt,128,202,24.72717839972401,0.0020406301609409653
srt,128,203,25.12299802389779,0.0020468255736698668
srt,128,204,25.525154173380148,0.00040105915581723156
srt,128,205,25.933747047513055,0.0016215485398058957
srt,128,206,26.348880806067637,0.0024005393708866063
srt,128,207,26.77066001397841,0.0012669984606575911
srt,128,208,27.19919097900013,0.0009258209643192126
srt,128,209,27.634581265576944,0.0024421019479775887
srt,128,210,28.076941197956522,0.0020360910448976683
srt,128,211,28.526381902723774,2.651813182677617e-05
srt,128,212,28.983017265506795,0.002134283506802642
srt,128,213,29.446962574663527,0.002587315942820559
srt,128,214,29.918333907546238,0.0009665310747951624
srt,128,215,30.397251155441065,0.001486725523859106
srt,128,216,30.883834337517907,0.0028190911771377317
srt,128,217,31.378206289987002,0.0019189356801674249
srt,128,218,31.88049222610921,0.0005592004558088243
srt,128,219,32.39081882279769,0.0026659333791798877
srt,128,220,32.909313975997996,0.0026887570406195238
srt,128,221,33.436108976687166,0.0005420017574204797
srt,128,222,33.97133653632967,0.0021115260052658636
srt,128,223,34.515131761373674,0.0031463013717285913
srt,128,224,35.06763197645244,0.0016748299506999043
srt,128,225,35.628976227536945,0.0011960198707184034
srt,128,226,36.199305691900506,0.003194108811530692
srt,128,227,36.778765091984745,0.0026784519906147644
srt,128,228,37.367500974995295,1.5845718017866407e-05
srt,128,229,37.96566030626085,0.0027843011351873248
srt,128,230,38.5733943814393,0.003394658552294869
srt,128,231,39.19085701441042,0.0012846060794496402
srt,128,232,39.81820389538567,0.0019304521560813198
srt,128,233,40.45559269872469,0.003691037801020462
srt,128,234,41.103184895999824,0.0025290984759099955
srt,128,235,41.76114255927768,0.0007117804616887893
srt,128,236,42.4296338102011,0.0034827100668973123
srt,128,237,43.108825440703725,0.003531879780378806
srt,128,238,43.79888820162585,0.0007317647192172924
srt,128,239,44.49999788692528,0.0027493803101370164
srt,128,240,45.212330675678025,0.00412361492324957
srt,128,241,45.936066194795366,0.0022136897190329504
srt,128,242,46.67138634907724,0.001544722781250389
srt,128,243,47.41847783502628,0.004177550718743817
srt,128,244,48.17752764584035,0.003523298029531749
srt,128,245,48.948728241528435,3.988918625956768e-06
srt,128,246,49.73227337921219,0.0036321127421921557
srt,128,247,50.528362036729405,0.004453778896375486
srt,128,248,51.337193377091964,0.0017069494886352817
srt,128,249,52.15897242390432,0.002506342132572449
srt,128,250,52.99390583894191,0.004832527061364896
srt,128,251,53.8422047583051,0.003333050977755683
srt,128,252,54.70408231010006,0.0009051950197748889
srt,128,253,55.57975660076728,0.0045495565373628085
srt,128,254,56.469448223922804,0.004639204730082356
srt,128,255,57.37338139022663,0.0009870626601031108
srt,128,256,58.29178441461948,0.003579678247282803
srt,128,257,59.22488870234347,0.005404340424170312
srt,128,258,60.17292963895896,0.00292559889560497
srt,128,259,61.13614634217139,0.001994625681906727
srt,128,260,62.11478167731478,0.005463605651481131
srt,128,261,63.109082199333386,0.004634408256073825
srt,128,262,64.11929947381249,3.76394280968506e-05
srt,128,263,65.14568840581852,0.004737854167048356
srt,128,264,66.1885063418619,0.005843147078485613
srt,128,265,67.24801654736858,0.002267624646778305
srt,128,266,68.32448831907816,0.003253670736441971
srt,128,267,69.41819028155771,0.006326839432118079
srt,128,268,70.5294003449293,0.004392270596900316
srt,128,269,71.65839813772718,0.0011500917394694698
srt,128,270,72.80546778951539,0.005942979316451622
srt,128,271,73.97089995134372,0.00609347159315494
srt,128,272,75.15498723957857,0.0013302783752464882
srt,128,273,76.35802891582065,0.004660405660426305
srt,128,274,77.58032805924648,0.007082619721738826
srt,128,275,78.82219309633093,0.00386603661737399
srt,128,276,80.08393812138559,0.002574945626452909
srt,128,277,81.36587981635996,0.0071453354949413215
srt,128,278,82.66834168440269,0.006095629524443507
srt,128,279,83.9916533576956,9.176442155289852e-05
srt,128,280,85.33614710684702,0.0061799232869432
srt,128,281,86.70216383442909,0.007665681379905122
srt,128,282,88.09004624345839,0.0030117848763140907
srt,128,283,89.5001460188004,0.004223357610846112
srt,128,284,90.9328175031801,0.008282967640598191
srt,128,285,92.3884224477304,0.00578772166664828
srt,128,286,93.86732728635609,0.001459794977551475
srt,128,287,95.36990670396187,0.007762876958329143
srt,128,288,96.8965377609115,0.00800331061856439
srt,128,289,98.44760741788701,0.0017913731307274481
srt,128,290,100.02350462757164,0.006066995574680362
srt,128,291,101.62462837061986,0.009281792045035132
srt,128,292,103.25138212609443,0.005108236241803215
srt,128,293,104.90417616104567,0.003323282748601198
srt,128,294,106.58342770063713,0.00934440214303794
srt,128,295,108.28955884092301,0.00801719472440256
srt,128,296,110.02300164725449,0.00017581962173124582
srt,128,297,111.78419217685813,0.008060524457104683
srt,128,298,113.57357497938985,0.010056353066896654
srt,128,299,115.391600830231,0.003999279812518077
srt,128,300,117.23872953789908,0.005481410013461564
srt,128,301,119.11542527739171,0.010843556157152245
srt,128,302,121.02216292645676,0.007626019283955465
srt,128,303,122.95942221280677,0.0018509386801096434
srt,128,304,124.9276918933878,0.010139684537544418
srt,128,305,126.92746900327113,0.010511344800287222
srt,128,306,128.95925748856683,0.002410428221449483
srt,128,307,131.0235688738152,0.007897569441765664
srt,128,308,133.12092564075738,0.012163440712542073
srt,128,309,135.25185556830215,0.006748863403948175
srt,128,310,137.4168967367807,0.004288011382171168
srt,128,311,139.616594207134,0.012219852639583414
srt,128,312,141.85150382418217,0.01054401590109877
srt,128,313,144.1221876025725,0.0003031555380213039
srt,128,314,146.4292201917774,0.010512891329725183
srt,128,315,148.7731826135548,0.013192165757077856
srt,128,316,151.15466553069624,0.005309421727274992
srt,128,317,153.5742703749168,0.007113378773167142
srt,128,318,156.03260653988877,0.014195284844650055
srt,128,319,158.53029480011182,0.010047550661140504
srt,128,320,161.0679642582181,0.0023442402343736603
srt,128,321,163.64625590079464,0.013243699913484404
srt,128,322,166.26581974932571,0.013804818818786806
srt,128,323,168.92731574517168,0.0032410411438598265
srt,128,324,171.63141556392765,0.010279753034233629
srt,128,325,174.37880119122406,0.015939245293036763
srt,128,326,177.1701656459587,0.008915500447430015
srt,128,327,180.00621278189593,0.005531342620805403
srt,128,328,182.88765756166254,0.015979600994711265
srt,128,329,185.8152281352383,0.013866587025321817
srt,128,330,188.7896610774796,0.0004925208604819792
srt,128,331,191.81170615229402,0.013710696446240176
srt,128,332,194.88212755109157,0.017305237853557715
srt,128,333,198.00169845120263,0.007047298782173569
srt,128,334,201.17120603853317,0.009230130576345839
srt,128,335,204.39144900691807,0.018582454525278996
srt,128,336,207.66324045856635,0.013237161895663622
srt,128,337,210.98740418788162,0.0029654316500826693
srt,128,338,214.36478056465737,0.01729725841643438
srt,128,339,217.79621935808393,0.018129550561950404
srt,128,340,221.2825866569073,0.0043548505937940594
srt,128,341,224.8247626827547,0.013379533401053783
srt,128,342,228.42363954653314,0.020886505374582608
srt,128,343,232.08012500850361,0.011776520140083669
srt,128,344,235.79514235293874,0.007133253026354213
srt,128,345,239.56962733625625,0.02089543196083852
srt,128,346,243.40453252806495,0.018235311278222893
srt,128,347,247.30082476672445,0.0007701259820618533
srt,128,348,251.25948630007414,0.01788031363994758
srt,128,349,255.2815167137374,0.022699953598752858
srt,128,350,259.3679290666206,0.009352129756072634
srt,128,351,263.5197554900802,0.011975317276760091
srt,128,352,267.73804092880056,0.02432476302921858
srt,128,353,272.023851626493,0.01743822347010344
srt,128,354,276.37826656866486,0.0037463771499545565
srt,128,355,280.8023853276459,0.022590620975847263
srt,128,356,285.29732244435564,0.02380824300728585
srt,128,357,289.8642123791571,0.005847568299213616
srt,128,358,294.5042061324906,0.017412772023848968
srt,128,359,299.2184755556431,0.027368470949340983
srt,128,360,304.00820778931393,0.015554108525112274
srt,128,361,308.8746120201924,0.009196517550778832
srt,128,362,313.81891466949446,0.02732261018295189
srt,128,363,318.8423633962105,0.023979327805663593
srt,128,364,323.9462242260917,0.0011724662721327179
srt,128,365,329.13178607143186,0.023316793785159797
srt,128,366,334.4003552822778,0.029775449656578114
srt,128,367,339.7532604632351,0.012408319988719604
srt,128,368,345.1918525599585,0.01553504311862099
srt,128,369,350.71750213157594,0.03184056097241834
srt,128,370,356.3316046605233,0.02297114206672784
srt,128,371,362.0355742037838,0.004726401385641812
srt,128,372,367.830849986084,0.029502710298742466
srt,128,373,373.7188934181479,0.03126451650459085
srt,128,374,379.7011892351513,0.007847015921091516
srt,128,375,385.779246580468,0.022660167149736194
srt,128,376,391.9545986712482,0.03586096892799154
srt,128,377,398.2288017731951,0.0205414391813639
srt,128,378,404.60344041370746,0.011853154860090588
srt,128,379,411.080120403268,0.035725504967148755
srt,128,380,417.6604753330709,0.031531251216803224
srt,128,381,424.34616488142825,0.0017501780154346423
srt,128,382,431.1388755450174,0.0304046784840269
srt,128,383,438.040320953564,0.039055094098456936
srt,128,384,445.0522405618696,0.016460090702365204
srt,128,385,452.176403241235,0.020150373188169233
srt,128,386,459.41460614482776,0.041677277034225794
srt,128,387,466.7686745608657,0.030257721993259643
srt,128,388,474.24046237504285,0.00595385141536124
srt,128,389,481.8318554903414,0.038528172305864535
srt,128,390,489.5447668964261,0.0410544490064841
srt,128,391,497.38114295353836,0.01052382968279712
srt,128,392,505.3429592683743,0.02948669746363182
srt,128,393,513.432224701073,0.046987273538595685
srt,128,394,521.6509784511575,0.027125321478355228
srt,128,395,530.0012936242941,0.015272677087948237
srt,128,396,538.485277148271,0.04671107589506924
srt,128,397,547.1050666654086,0.04145967853530302
srt,128,398,555.8628376724934,0.002573296267278879
srt,128,399,564.7607988556259,0.03964511489500956
srt,128,400,573.801193300064,0.05122513192982824
srt,128,401,582.9863017997873,0.021830833322309944
srt,128,402,592.3184410025823,0.02613351517416904
srt,128,403,601.7999639045025,0.05455122106537676
srt,128,404,611.4332620992814,0.03985322351545714
srt,128,405,621.2207656285888,0.0074879100232382
srt,128,406,631.1649418306714,0.05031269034411033
srt,128,407,641.2682991255234,0.053907967374914365
srt,128,408,651.5333856437726,0.014105714583337594
srt,128,409,661.962790670888,0.03836688654743074
srt,128,410,672.559143707215,0.06156377168280017
srt,128,411,683.3251177138083,0.03581606497970651
srt,128,412,694.2634284889232,0.01967264232051977
srt,128,413,705.3768335503,0.061072628838980236
srt,128,414,716.6681361134688,0.05451190105653541
srt,128,415,728.1401832397436,0.0037384125439408754
srt,128,416,739.7958696249685,0.05169117709502753
srt,128,417,751.63813411068,0.06718534563391931
srt,128,418,763.6699636417026,0.02894871186229842
srt,128,419,775.8943914556063,0.0338887496080832
srt,128,420,788.3145022607515,0.07139965405746486
srt,128,421,800.9334274369677,0.05248854757648469
srt,128,422,813.7543491620465,0.009400666071739025
srt,128,423,826.7805030764539,0.06569906766356529
srt,128,424,840.0151717566011,0.0707831653043011
srt,128,425,853.4616940932968,0.018896419124723753
srt,128,426,867.1234612123841,0.04991762799022458
srt,128,427,881.003919426639,0.08065976371741672
srt,128,428,895.1065677536044,0.04728685626106193
srt,128,429,909.4349643802452,0.025332145072050467
srt,128,430,923.9927221184078,0.07984699051484762
srt,128,431,938.7835133752119,0.07167002251181179
srt,128,432,953.8110681489054,0.005378404923082786
srt,128,433,969.0791755177653,0.06739387500864949
srt,128,434,984.5916862362437,0.0881154642700326
srt,128,435,1000.3525135509163,0.03838052633398781
